{"type":"FeatureCollection","features":[{"type":"Feature","properties":{"NAME":"United Kingdom of Great Britain and Ireland"},"geometry":{"type":"MultiPolygon","coordinates":[[[[-61.45,12.59],[-61.45,12.59],[-61.45,12.59],[-61.45,12.61],[-61.44,12.61],[-61.44,12.61],[-61.43,12.61],[-61.41,12.61],[-61.41,12.61],[-61.4,12.6],[-61.41,12.6],[-61.42,12.59],[-61.44,12.58],[-61.45,12.59]]],[[[-61.34,12.69],[-61.35,12.7],[-61.35,12.7],[-61.33,12.73],[-61.33,12.74],[-61.32,12.74],[-61.31,12.73],[-61.31,12.73],[-61.3,12.72],[-61.31,12.71],[-61.31,12.7],[-61.32,12.69],[-61.33,12.69],[-61.33,12.69],[-61.34,12.69]]],[[[-61.25,12.98],[-61.25,12.99],[-61.23,13.02],[-61.21,13.04],[-61.2,13.04],[-61.2,13.03],[-61.21,13.0],[-61.22,13.0],[-61.24,12.97],[-61.25,12.98]]],[[[-61.24,13.16],[-61.26,13.18],[-61.28,13.2],[-61.28,13.21],[-61.28,13.25],[-61.27,13.27],[-61.21,13.37],[-61.21,13.37],[-61.18,13.38],[-61.18,13.38],[-61.14,13.38],[-61.14,13.37],[-61.12,13.33],[-61.12,13.33],[-61.12,13.31],[-61.12,13.25],[-61.12,13.24],[-61.13,13.22],[-61.15,13.17],[-61.17,13.14],[-61.17,13.13],[-61.17,13.13],[-61.18,13.13],[-61.24,13.16]]],[[[-60.97,13.73],[-60.99,13.74],[-61.0,13.75],[-61.0,13.75],[-61.01,13.75],[-61.03,13.75],[-61.04,13.76],[-61.05,13.77],[-61.07,13.79],[-61.07,13.8],[-61.07,13.8],[-61.08,13.81],[-61.08,13.87],[-61.08,13.88],[-61.08,13.9],[-61.04,13.97],[-61.01,14.01],[-60.95,14.1],[-60.94,14.11],[-60.93,14.11],[-60.92,14.11],[-60.92,14.1],[-60.91,14.1],[-60.89,14.01],[-60.88,13.98],[-60.88,13.96],[-60.89,13.85],[-60.89,13.85],[-60.89,13.82],[-60.9,13.78],[-60.94,13.72],[-60.95,13.71],[-60.95,13.71],[-60.96,13.71],[-60.97,13.73]]],[[[-61.78,12],[-61.78,12.0],[-61.79,12.0],[-61.79,12.01],[-61.72,12.17],[-61.71,12.2],[-61.69,12.22],[-61.68,12.23],[-61.66,12.24],[-61.65,12.24],[-61.65,12.24],[-61.62,12.23],[-61.61,12.23],[-61.61,12.23],[-61.61,12.22],[-61.6,12.22],[-61.6,12.19],[-61.6,12.13],[-61.61,12.08],[-61.63,12.05],[-61.63,12.04],[-61.64,12.03],[-61.65,12.03],[-61.68,12.02],[-61.72,12.0],[-61.75,12.0],[-61.75,12.0],[-61.78,12]]],[[[-61.59,12.3],[-61.59,12.3],[-61.59,12.31],[-61.58,12.32],[-61.58,12.32],[-61.57,12.32],[-61.57,12.32],[-61.57,12.31],[-61.57,12.3],[-61.58,12.3],[-61.59,12.29],[-61.59,12.3]]],[[[-61.5,12.44],[-61.5,12.44],[-61.5,12.47],[-61.49,12.47],[-61.49,12.48],[-61.43,12.53],[-61.43,12.53],[-61.43,12.53],[-61.42,12.51],[-61.42,12.51],[-61.42,12.49],[-61.43,12.46],[-61.43,12.45],[-61.49,12.43],[-61.5,12.44]]],[[[-73.14,20.98],[-73.15,20.98],[-73.15,20.97],[-73.16,20.97],[-73.31,20.94],[-73.45,20.92],[-73.47,20.92],[-73.52,20.93],[-73.56,20.94],[-73.59,20.95],[-73.6,20.95],[-73.6,20.95],[-73.61,20.94],[-73.66,20.92],[-73.67,20.92],[-73.68,20.93],[-73.68,20.93],[-73.69,20.94],[-73.7,21.0],[-73.66,21.08],[-73.64,21.1],[-73.54,21.18],[-73.53,21.19],[-73.53,21.19],[-73.42,21.19],[-73.35,21.17],[-73.34,21.17],[-73.34,21.16],[-73.31,21.15],[-73.26,21.13],[-73.26,21.14],[-73.15,21.18],[-73.14,21.19],[-73.09,21.27],[-73.08,21.27],[-73.08,21.29],[-73.07,21.32],[-73.07,21.32],[-73.05,21.33],[-73.03,21.33],[-73.02,21.33],[-73.02,21.33],[-73.01,21.33],[-73.01,21.32],[-73.0,21.31],[-73.0,21.3],[-73.02,21.17],[-73.02,21.17],[-73.03,21.14],[-73.04,21.14],[-73.12,21.01],[-73.14,20.98]]],[[[-72.94,21.48],[-72.95,21.48],[-72.96,21.48],[-73.01,21.46],[-73.02,21.45],[-73.02,21.45],[-73.04,21.43],[-73.05,21.44],[-73.07,21.5],[-73.07,21.51],[-73.07,21.51],[-73.06,21.52],[-73.02,21.53],[-72.98,21.54],[-72.92,21.51],[-72.92,21.51],[-72.91,21.5],[-72.91,21.5],[-72.91,21.49],[-72.92,21.49],[-72.92,21.48],[-72.93,21.48],[-72.94,21.48]]],[[[-72.74,22.34],[-72.74,22.33],[-72.74,22.33],[-72.74,22.32],[-72.75,22.31],[-72.77,22.29],[-72.78,22.28],[-72.79,22.28],[-72.81,22.31],[-72.81,22.31],[-72.86,22.35],[-72.87,22.36],[-72.89,22.36],[-72.9,22.36],[-72.99,22.37],[-73.01,22.36],[-73.02,22.36],[-73.03,22.35],[-73.04,22.34],[-73.05,22.34],[-73.06,22.34],[-73.08,22.34],[-73.16,22.36],[-73.16,22.36],[-73.16,22.37],[-73.16,22.37],[-73.16,22.38],[-73.14,22.43],[-73.08,22.44],[-73.07,22.44],[-73.02,22.43],[-72.83,22.38],[-72.76,22.35],[-72.74,22.34]]],[[[-73.62,22.58],[-73.62,22.6],[-73.6,22.61],[-73.6,22.61],[-73.59,22.61],[-73.59,22.61],[-73.6,22.6],[-73.6,22.59],[-73.61,22.58],[-73.62,22.58],[-73.62,22.58]]],[[[-73.47,22.6],[-73.55,22.61],[-73.55,22.62],[-73.54,22.62],[-73.53,22.62],[-73.52,22.62],[-73.5,22.62],[-73.48,22.62],[-73.47,22.61],[-73.46,22.61],[-73.46,22.6],[-73.47,22.6],[-73.47,22.6]]],[[[-74.39,22.54],[-74.39,22.55],[-74.39,22.56],[-74.39,22.57],[-74.38,22.58],[-74.38,22.58],[-74.28,22.67],[-74.28,22.66],[-74.28,22.65],[-74.28,22.65],[-74.32,22.6],[-74.37,22.55],[-74.38,22.54],[-74.38,22.54],[-74.39,22.54]]],[[[-73.86,22.49],[-73.87,22.47],[-73.98,22.35],[-73.99,22.33],[-74.01,22.32],[-74.1,22.3],[-74.15,22.25],[-74.16,22.25],[-74.16,22.24],[-74.18,22.22],[-74.18,22.22],[-74.28,22.17],[-74.28,22.17],[-74.28,22.22],[-74.18,22.3],[-74.04,22.4],[-73.92,22.47],[-73.91,22.47],[-73.89,22.49],[-73.87,22.51],[-73.86,22.52],[-73.86,22.53],[-73.87,22.54],[-73.88,22.56],[-73.89,22.57],[-73.89,22.58],[-73.9,22.58],[-73.92,22.6],[-73.93,22.6],[-73.94,22.59],[-73.96,22.59],[-73.97,22.59],[-73.98,22.59],[-73.99,22.59],[-74.01,22.6],[-74.04,22.62],[-74.04,22.62],[-73.98,22.67],[-73.97,22.68],[-73.95,22.69],[-73.92,22.71],[-73.86,22.73],[-73.85,22.73],[-73.85,22.73],[-73.85,22.72],[-73.84,22.55],[-73.86,22.49]]],[[[-74.16,22.67],[-74.16,22.67],[-74.2,22.69],[-74.27,22.71],[-74.34,22.8],[-74.35,22.82],[-74.35,22.83],[-74.34,22.83],[-74.31,22.84],[-74.3,22.84],[-74.22,22.81],[-74.02,22.72],[-74.02,22.72],[-74.02,22.71],[-74.07,22.66],[-74.09,22.66],[-74.16,22.67]]],[[[-73.78,23.07],[-73.81,23.08],[-73.82,23.09],[-73.81,23.1],[-73.78,23.1],[-73.77,23.1],[-73.7,23.1],[-73.69,23.1],[-73.68,23.1],[-73.67,23.1],[-73.67,23.09],[-73.67,23.09],[-73.73,23.07],[-73.78,23.07],[-73.78,23.07]]],[[[-75.53,23.41],[-75.52,23.41],[-75.53,23.4],[-75.53,23.4],[-75.54,23.41],[-75.55,23.41],[-75.59,23.42],[-75.62,23.42],[-75.62,23.42],[-75.64,23.43],[-75.64,23.44],[-75.65,23.45],[-75.65,23.45],[-75.65,23.46],[-75.64,23.46],[-75.62,23.46],[-75.57,23.44],[-75.56,23.44],[-75.55,23.43],[-75.53,23.42],[-75.53,23.41]]],[[[-75.01,23.1],[-74.97,23.1],[-74.96,23.1],[-74.93,23.09],[-74.85,23.0],[-74.85,23],[-74.84,22.96],[-74.83,22.9],[-74.83,22.87],[-74.83,22.86],[-74.84,22.86],[-74.84,22.86],[-74.85,22.86],[-74.85,22.86],[-74.9,22.95],[-74.91,22.97],[-74.93,23.01],[-74.94,23.02],[-74.96,23.06],[-74.97,23.07],[-74.97,23.07],[-74.98,23.07],[-74.99,23.08],[-74.99,23.08],[-75.04,23.08],[-75.05,23.09],[-75.07,23.09],[-75.08,23.09],[-75.09,23.1],[-75.1,23.1],[-75.12,23.11],[-75.13,23.12],[-75.17,23.14],[-75.16,23.15],[-75.16,23.16],[-75.16,23.16],[-75.13,23.15],[-75.13,23.15],[-75.13,23.14],[-75.12,23.14],[-75.13,23.14],[-75.13,23.14],[-75.14,23.14],[-75.14,23.14],[-75.14,23.14],[-75.14,23.14],[-75.13,23.12],[-75.12,23.12],[-75.09,23.11],[-75.08,23.1],[-75.07,23.11],[-75.07,23.11],[-75.09,23.14],[-75.11,23.16],[-75.11,23.27],[-75.12,23.33],[-75.13,23.35],[-75.13,23.36],[-75.14,23.36],[-75.18,23.4],[-75.26,23.49],[-75.3,23.63],[-75.31,23.67],[-75.3,23.66],[-75.29,23.65],[-75.27,23.63],[-75.11,23.35],[-75.1,23.33],[-75.1,23.32],[-75.08,23.27],[-75.08,23.26],[-75.08,23.25],[-75.08,23.24],[-75.09,23.23],[-75.09,23.21],[-75.08,23.18],[-75.07,23.15],[-75.07,23.15],[-75.07,23.14],[-75.06,23.13],[-75.03,23.11],[-75.02,23.11],[-75.02,23.1],[-75.01,23.1]]],[[[-75.81,23.5],[-75.91,23.57],[-75.93,23.58],[-75.94,23.58],[-75.96,23.59],[-75.99,23.6],[-76.03,23.65],[-76.03,23.65],[-76.03,23.67],[-76.02,23.68],[-76.0,23.67],[-75.92,23.63],[-75.77,23.5],[-75.81,23.49],[-75.81,23.5]]],[[[-74.81,23.64],[-74.82,23.64],[-74.84,23.65],[-74.88,23.66],[-74.91,23.67],[-74.92,23.67],[-74.93,23.66],[-74.94,23.66],[-74.94,23.66],[-74.95,23.68],[-74.95,23.69],[-74.94,23.69],[-74.93,23.7],[-74.85,23.72],[-74.84,23.72],[-74.8,23.72],[-74.8,23.72],[-74.78,23.69],[-74.78,23.68],[-74.79,23.66],[-74.81,23.64]]],[[[-76.33,23.97],[-76.33,23.98],[-76.34,23.98],[-76.34,23.98],[-76.4,24.08],[-76.4,24.08],[-76.4,24.09],[-76.4,24.1],[-76.4,24.11],[-76.39,24.11],[-76.39,24.11],[-76.38,24.1],[-76.36,24.07],[-76.32,23.97],[-76.33,23.97]]],[[[-74.53,23.96],[-74.54,23.97],[-74.54,23.98],[-74.52,24.03],[-74.52,24.04],[-74.52,24.05],[-74.53,24.08],[-74.53,24.1],[-74.52,24.11],[-74.51,24.12],[-74.51,24.12],[-74.47,24.14],[-74.46,24.14],[-74.46,24.14],[-74.43,24.08],[-74.42,24.08],[-74.44,24.04],[-74.44,24.04],[-74.49,23.96],[-74.49,23.95],[-74.5,23.95],[-74.53,23.96]]],[[[-77.96,24.15],[-77.97,24.15],[-77.97,24.16],[-77.97,24.18],[-77.97,24.19],[-77.97,24.19],[-77.85,24.25],[-77.85,24.25],[-77.84,24.25],[-77.81,24.25],[-77.8,24.25],[-77.8,24.25],[-77.8,24.24],[-77.81,24.23],[-77.89,24.18],[-77.95,24.15],[-77.95,24.15],[-77.96,24.15]]],[[[-78.0,24.23],[-78.02,24.24],[-78.02,24.25],[-78.02,24.25],[-78.02,24.25],[-77.94,24.28],[-77.93,24.28],[-77.93,24.28],[-77.92,24.27],[-77.92,24.27],[-77.92,24.26],[-77.94,24.23],[-77.94,24.22],[-78.0,24.23]]],[[[-76.5,24.22],[-76.54,24.28],[-76.55,24.28],[-76.55,24.29],[-76.55,24.29],[-76.54,24.29],[-76.54,24.29],[-76.53,24.29],[-76.52,24.28],[-76.47,24.22],[-76.46,24.22],[-76.46,24.21],[-76.47,24.21],[-76.47,24.21],[-76.5,24.22]]],[[[-77.72,24.03],[-77.72,24.03],[-77.71,24.04],[-77.7,24.05],[-77.67,24.12],[-77.64,24.19],[-77.64,24.2],[-77.63,24.21],[-77.63,24.21],[-77.62,24.22],[-77.61,24.22],[-77.61,24.21],[-77.6,24.21],[-77.58,24.18],[-77.58,24.17],[-77.55,24.13],[-77.55,24.12],[-77.55,24.11],[-77.52,23.93],[-77.52,23.92],[-77.52,23.86],[-77.52,23.83],[-77.53,23.82],[-77.55,23.75],[-77.56,23.75],[-77.57,23.74],[-77.57,23.74],[-77.58,23.73],[-77.61,23.73],[-77.61,23.73],[-77.77,23.74],[-77.77,23.75],[-77.75,23.78],[-77.74,23.78],[-77.74,23.78],[-77.68,23.76],[-77.67,23.77],[-77.67,23.78],[-77.59,23.82],[-77.57,23.84],[-77.57,23.84],[-77.58,23.85],[-77.58,23.85],[-77.59,23.85],[-77.6,23.85],[-77.61,23.84],[-77.64,23.82],[-77.7,23.78],[-77.7,23.78],[-77.72,23.78],[-77.73,23.79],[-77.81,23.88],[-77.88,24.07],[-77.85,24.16],[-77.72,24.27],[-77.7,24.28],[-77.7,24.29],[-77.68,24.29],[-77.68,24.3],[-77.67,24.29],[-77.66,24.29],[-77.63,24.25],[-77.63,24.25],[-77.64,24.23],[-77.64,24.23],[-77.65,24.22],[-77.66,24.22],[-77.67,24.21],[-77.73,24.16],[-77.76,24.14],[-77.76,24.13],[-77.74,24.03],[-77.74,24.03],[-77.73,24.03],[-77.72,24.03]]],[[[-77.8,24.31],[-77.8,24.31],[-77.81,24.32],[-77.8,24.32],[-77.79,24.33],[-77.77,24.35],[-77.77,24.35],[-77.76,24.35],[-77.74,24.36],[-77.73,24.36],[-77.7,24.37],[-77.7,24.37],[-77.69,24.37],[-77.68,24.35],[-77.68,24.34],[-77.69,24.34],[-77.8,24.31],[-77.8,24.31]]],[[[-75.29,24.14],[-75.3,24.14],[-75.33,24.15],[-75.34,24.16],[-75.35,24.16],[-75.43,24.15],[-75.44,24.15],[-75.46,24.12],[-75.5,24.13],[-75.51,24.13],[-75.52,24.14],[-75.53,24.16],[-75.52,24.16],[-75.47,24.18],[-75.46,24.29],[-75.47,24.29],[-75.47,24.29],[-75.51,24.34],[-75.52,24.36],[-75.53,24.38],[-75.58,24.47],[-75.58,24.48],[-75.59,24.48],[-75.59,24.49],[-75.59,24.51],[-75.6,24.51],[-75.63,24.55],[-75.64,24.56],[-75.69,24.62],[-75.7,24.62],[-75.72,24.64],[-75.74,24.64],[-75.74,24.65],[-75.75,24.65],[-75.76,24.65],[-75.76,24.66],[-75.76,24.66],[-75.74,24.7],[-75.73,24.7],[-75.73,24.7],[-75.72,24.7],[-75.71,24.69],[-75.68,24.68],[-75.64,24.65],[-75.63,24.65],[-75.63,24.64],[-75.62,24.63],[-75.6,24.58],[-75.6,24.57],[-75.6,24.55],[-75.59,24.54],[-75.52,24.43],[-75.48,24.37],[-75.47,24.37],[-75.45,24.35],[-75.44,24.35],[-75.43,24.34],[-75.41,24.32],[-75.4,24.32],[-75.4,24.31],[-75.32,24.22],[-75.31,24.21],[-75.29,24.15],[-75.29,24.14]]],[[[-77.47,24.99],[-77.54,24.99],[-77.55,24.99],[-77.56,25.01],[-77.56,25.02],[-77.56,25.03],[-77.55,25.03],[-77.52,25.06],[-77.51,25.06],[-77.46,25.08],[-77.45,25.08],[-77.44,25.08],[-77.36,25.08],[-77.33,25.08],[-77.27,25.06],[-77.26,25.05],[-77.26,25.05],[-77.26,25.04],[-77.26,25.04],[-77.34,25.02],[-77.43,25.01],[-77.44,25.01],[-77.47,24.99],[-77.47,24.99]]],[[[-78.04,25.18],[-78.03,25.17],[-77.99,25.15],[-77.99,25.15],[-77.98,25.15],[-77.95,24.99],[-77.89,24.86],[-77.88,24.85],[-77.87,24.83],[-77.84,24.79],[-77.83,24.78],[-77.81,24.76],[-77.81,24.76],[-77.77,24.73],[-77.74,24.62],[-77.72,24.53],[-77.72,24.51],[-77.72,24.5],[-77.72,24.49],[-77.72,24.48],[-77.73,24.47],[-77.74,24.46],[-77.74,24.45],[-77.76,24.45],[-77.8,24.44],[-77.85,24.43],[-77.86,24.42],[-77.86,24.42],[-77.86,24.41],[-77.87,24.4],[-77.87,24.39],[-77.86,24.38],[-77.86,24.38],[-77.87,24.37],[-78.01,24.28],[-78.02,24.27],[-78.03,24.27],[-78.04,24.27],[-78.04,24.28],[-78.05,24.28],[-78.05,24.29],[-78.06,24.33],[-78.07,24.35],[-78.07,24.36],[-78.08,24.37],[-78.09,24.38],[-78.1,24.39],[-78.21,24.46],[-78.28,24.49],[-78.31,24.5],[-78.32,24.51],[-78.34,24.52],[-78.36,24.53],[-78.39,24.56],[-78.44,24.61],[-78.44,24.62],[-78.33,24.71],[-78.32,24.71],[-78.31,24.71],[-78.31,24.71],[-78.3,24.7],[-78.29,24.68],[-78.29,24.68],[-78.29,24.67],[-78.29,24.66],[-78.29,24.64],[-78.3,24.62],[-78.33,24.6],[-78.33,24.59],[-78.33,24.59],[-78.33,24.58],[-78.32,24.58],[-78.25,24.56],[-78.24,24.56],[-78.23,24.56],[-78.22,24.56],[-78.22,24.57],[-78.19,24.6],[-78.19,24.61],[-78.19,24.62],[-78.26,24.72],[-78.27,24.72],[-78.26,24.7],[-78.26,24.68],[-78.26,24.67],[-78.27,24.67],[-78.27,24.67],[-78.28,24.67],[-78.31,24.72],[-78.3,24.76],[-78.29,24.77],[-78.29,24.78],[-78.28,24.79],[-78.24,24.83],[-78.21,24.86],[-78.21,24.86],[-78.2,24.87],[-78.18,24.92],[-78.16,25.02],[-78.16,25.04],[-78.16,25.06],[-78.17,25.07],[-78.19,25.11],[-78.21,25.17],[-78.21,25.18],[-78.21,25.2],[-78.21,25.2],[-78.21,25.2],[-78.19,25.2],[-78.04,25.18],[-78.04,25.18]]],[[[-76.35,25.34],[-76.33,25.32],[-76.32,25.3],[-76.31,25.29],[-76.13,25.15],[-76.12,25.14],[-76.12,25.13],[-76.11,25.12],[-76.11,25.11],[-76.11,25.08],[-76.11,25.07],[-76.14,24.85],[-76.17,24.69],[-76.22,24.72],[-76.32,24.79],[-76.33,24.8],[-76.34,24.81],[-76.34,24.82],[-76.34,24.82],[-76.21,24.87],[-76.15,25.01],[-76.14,25.02],[-76.14,25.06],[-76.15,25.08],[-76.15,25.1],[-76.16,25.13],[-76.17,25.14],[-76.18,25.14],[-76.19,25.15],[-76.21,25.16],[-76.25,25.17],[-76.25,25.18],[-76.31,25.25],[-76.33,25.27],[-76.33,25.28],[-76.34,25.29],[-76.34,25.3],[-76.34,25.3],[-76.36,25.32],[-76.37,25.32],[-76.38,25.32],[-76.4,25.33],[-76.51,25.35],[-76.51,25.35],[-76.52,25.36],[-76.53,25.36],[-76.54,25.37],[-76.54,25.37],[-76.55,25.39],[-76.56,25.39],[-76.58,25.41],[-76.59,25.42],[-76.6,25.42],[-76.61,25.43],[-76.62,25.43],[-76.63,25.43],[-76.72,25.44],[-76.74,25.56],[-76.68,25.54],[-76.68,25.49],[-76.53,25.4],[-76.41,25.34],[-76.35,25.34]]],[[[-77.84,25.71],[-77.89,25.77],[-77.89,25.78],[-77.89,25.79],[-77.88,25.79],[-77.86,25.78],[-77.86,25.78],[-77.82,25.72],[-77.82,25.72],[-77.82,25.71],[-77.82,25.71],[-77.82,25.7],[-77.83,25.7],[-77.84,25.71]]],[[[-77.58,26.32],[-77.58,26.32],[-77.58,26.34],[-77.57,26.34],[-77.57,26.34],[-77.54,26.31],[-77.54,26.3],[-77.54,26.3],[-77.56,26.27],[-77.56,26.27],[-77.57,26.27],[-77.58,26.32]]],[[[-77.94,26.64],[-77.95,26.65],[-77.96,26.65],[-77.96,26.65],[-78.01,26.66],[-78.02,26.66],[-78.24,26.64],[-78.24,26.63],[-78.3,26.62],[-78.37,26.61],[-78.55,26.56],[-78.6,26.53],[-78.68,26.5],[-78.69,26.49],[-78.71,26.49],[-78.72,26.49],[-78.73,26.49],[-78.75,26.5],[-78.76,26.5],[-78.77,26.51],[-78.82,26.54],[-78.83,26.55],[-78.97,26.67],[-78.98,26.7],[-78.87,26.64],[-78.84,26.62],[-78.82,26.6],[-78.8,26.59],[-78.72,26.58],[-78.7,26.58],[-78.7,26.58],[-78.68,26.59],[-78.67,26.6],[-78.66,26.61],[-78.65,26.61],[-78.6,26.68],[-78.6,26.7],[-78.6,26.7],[-78.52,26.73],[-78.38,26.69],[-78.36,26.69],[-78.35,26.69],[-78.33,26.69],[-78.31,26.69],[-78.25,26.71],[-78.2,26.71],[-78.13,26.7],[-78.12,26.7],[-78.11,26.7],[-77.98,26.72],[-77.97,26.73],[-77.96,26.73],[-77.96,26.74],[-77.95,26.74],[-77.94,26.75],[-77.92,26.75],[-77.91,26.69],[-77.94,26.64]]],[[[-77.66,26.9],[-77.64,26.91],[-77.61,26.91],[-77.6,26.91],[-77.6,26.91],[-77.59,26.91],[-77.57,26.91],[-77.55,26.9],[-77.54,26.89],[-77.51,26.87],[-77.5,26.86],[-77.47,26.84],[-77.42,26.79],[-77.3,26.67],[-77.3,26.66],[-77.28,26.62],[-77.28,26.62],[-77.27,26.62],[-77.23,26.61],[-77.16,26.58],[-77.09,26.55],[-77.08,26.54],[-77.05,26.52],[-77.05,26.52],[-77.04,26.51],[-77.04,26.5],[-77.03,26.36],[-77.05,26.31],[-77.05,26.31],[-77.06,26.31],[-77.07,26.31],[-77.08,26.31],[-77.11,26.29],[-77.14,26.26],[-77.15,26.26],[-77.16,26.24],[-77.17,26.23],[-77.17,26.2],[-77.19,26.07],[-77.19,26.03],[-77.19,25.96],[-77.19,25.93],[-77.19,25.9],[-77.19,25.89],[-77.2,25.88],[-77.2,25.88],[-77.22,25.88],[-77.23,25.88],[-77.24,25.88],[-77.25,25.89],[-77.27,25.92],[-77.28,25.93],[-77.29,25.96],[-77.3,25.97],[-77.3,25.98],[-77.31,25.98],[-77.32,25.99],[-77.4,26.03],[-77.31,26.08],[-77.22,26.14],[-77.22,26.15],[-77.23,26.25],[-77.23,26.41],[-77.23,26.42],[-77.23,26.44],[-77.22,26.44],[-77.21,26.45],[-77.2,26.45],[-77.15,26.52],[-77.15,26.54],[-77.15,26.54],[-77.15,26.55],[-77.15,26.55],[-77.16,26.56],[-77.18,26.57],[-77.2,26.58],[-77.21,26.58],[-77.23,26.58],[-77.27,26.58],[-77.29,26.59],[-77.33,26.6],[-77.34,26.6],[-77.35,26.61],[-77.35,26.61],[-77.35,26.64],[-77.49,26.82],[-77.53,26.86],[-77.53,26.86],[-77.54,26.86],[-77.55,26.87],[-77.55,26.87],[-77.56,26.87],[-77.6,26.86],[-77.63,26.86],[-77.65,26.86],[-77.66,26.86],[-77.67,26.86],[-77.72,26.88],[-77.79,26.9],[-77.8,26.9],[-77.83,26.91],[-77.89,26.9],[-77.91,26.9],[-77.95,26.9],[-77.92,26.92],[-77.91,26.92],[-77.84,26.93],[-77.83,26.93],[-77.74,26.91],[-77.7,26.91],[-77.66,26.9]]],[[[-71.15,21.43],[-71.15,21.45],[-71.15,21.47],[-71.14,21.51],[-71.14,21.51],[-71.13,21.51],[-71.13,21.5],[-71.13,21.45],[-71.13,21.44],[-71.13,21.44],[-71.14,21.43],[-71.14,21.43],[-71.15,21.43],[-71.15,21.43]]],[[[-72.47,21.65],[-72.46,21.7],[-72.45,21.71],[-72.43,21.71],[-72.43,21.71],[-72.43,21.7],[-72.43,21.69],[-72.44,21.65],[-72.45,21.64],[-72.46,21.63],[-72.46,21.63],[-72.47,21.63],[-72.47,21.65]]],[[[-71.48,21.66],[-71.48,21.67],[-71.48,21.67],[-71.5,21.7],[-71.51,21.7],[-71.54,21.72],[-71.53,21.73],[-71.47,21.72],[-71.46,21.72],[-71.46,21.72],[-71.46,21.7],[-71.46,21.69],[-71.46,21.69],[-71.46,21.66],[-71.46,21.66],[-71.47,21.65],[-71.47,21.65],[-71.48,21.66]]],[[[-71.63,21.77],[-71.64,21.74],[-71.65,21.74],[-71.66,21.74],[-71.67,21.76],[-71.68,21.77],[-71.71,21.79],[-71.72,21.79],[-71.75,21.79],[-71.76,21.79],[-71.77,21.79],[-71.8,21.78],[-71.8,21.78],[-71.81,21.78],[-71.82,21.77],[-71.82,21.77],[-71.83,21.78],[-71.84,21.8],[-71.84,21.8],[-71.85,21.84],[-71.85,21.85],[-71.85,21.85],[-71.7,21.84],[-71.68,21.84],[-71.67,21.83],[-71.67,21.83],[-71.66,21.83],[-71.66,21.82],[-71.64,21.78],[-71.63,21.77]]],[[[-72.29,21.74],[-72.3,21.76],[-72.33,21.83],[-72.33,21.86],[-72.29,21.83],[-72.25,21.8],[-72.24,21.77],[-72.25,21.76],[-72.26,21.75],[-72.27,21.74],[-72.29,21.74]]],[[[-71.89,21.82],[-71.9,21.83],[-72.03,21.9],[-72.04,21.94],[-72.03,21.94],[-72.03,21.95],[-72.03,21.95],[-72.02,21.95],[-72.01,21.96],[-71.97,21.96],[-71.95,21.95],[-71.92,21.95],[-71.91,21.94],[-71.91,21.94],[-71.91,21.94],[-71.88,21.85],[-71.88,21.82],[-71.89,21.82]]],[[[-77.74,17.93],[-77.84,18.05],[-78.05,18.22],[-78.26,18.26],[-78.32,18.35],[-78.09,18.48],[-77.77,18.51],[-77.16,18.4],[-76.72,18.24],[-76.43,18.12],[-76.3,17.99],[-76.32,17.9],[-76.47,17.87],[-76.81,18.0],[-77.05,17.98],[-77.15,17.86],[-77.29,17.81],[-77.43,17.83],[-77.74,17.93]]],[[[-61.22,10.69],[-61.24,10.63],[-61.22,10.52],[-61.25,10.48],[-61.19,10.31],[-61.21,10.12],[-61.41,10.05],[-61.47,10.05],[-61.54,10.04],[-61.75,10.05],[-61.84,10.04],[-61.88,10.06],[-62.04,10.06],[-62.05,10.08],[-62.03,10.11],[-61.94,10.13],[-61.84,10.19],[-61.83,10.23],[-61.78,10.22],[-61.71,10.21],[-61.65,10.28],[-61.7,10.4],[-61.67,10.46],[-61.66,10.54],[-61.69,10.6],[-61.74,10.66],[-61.86,10.68],[-61.81,10.72],[-61.74,10.73],[-61.63,10.75],[-61.58,10.79],[-61.41,10.78],[-61.36,10.79],[-61.22,10.82],[-61.11,10.82],[-61.17,10.72],[-61.22,10.69]]],[[[-6.33,53.79],[-6.17,53.44],[-6.04,52.89],[-6.07,52.77],[-6.23,52.61],[-6.34,52.43],[-6.41,52.21],[-6.49,52.19],[-6.62,52.22],[-6.89,52.21],[-6.96,52.11],[-7.37,52.09],[-7.75,52.03],[-7.86,51.97],[-8.16,51.84],[-8.57,51.62],[-8.85,51.6],[-9.24,51.47],[-9.82,51.43],[-9.8,51.6],[-9.84,51.8],[-10.22,51.76],[-10.29,51.98],[-9.96,52.09],[-10.5,52.1],[-10.47,52.21],[-9.89,52.19],[-9.8,52.24],[-9.78,52.34],[-9.74,52.48],[-9.5,52.54],[-9.19,52.55],[-9.13,52.68],[-9.62,52.64],[-9.44,52.83],[-9.53,52.9],[-9.31,53.12],[-9.0,53.12],[-8.92,53.16],[-9.0,53.3],[-9.16,53.22],[-9.3,53.28],[-9.44,53.27],[-9.62,53.35],[-9.8,53.35],[-9.88,53.3],[-10.16,53.37],[-10.02,53.51],[-10.15,53.58],[-9.81,53.63],[-9.87,53.77],[-9.7,53.87],[-9.91,53.97],[-10.18,53.91],[-10.16,54.13],[-9.99,54.25],[-9.89,54.33],[-9.47,54.24],[-9.32,54.28],[-9.09,54.26],[-8.59,54.2],[-8.69,54.36],[-8.3,54.49],[-8.21,54.63],[-8.83,54.63],[-8.76,54.7],[-8.5,54.75],[-8.48,54.88],[-8.35,55.1],[-8.12,55.18],[-7.76,55.25],[-7.43,55.29],[-7.33,55.38],[-7.11,55.32],[-6.96,55.24],[-7.0,55.17],[-6.65,55.21],[-6.45,55.19],[-6.28,55.14],[-6.12,55.16],[-6.02,55.09],[-5.78,54.74],[-5.76,54.66],[-5.8,54.52],[-5.66,54.32],[-5.73,54.17],[-5.91,54.03],[-6.07,53.97],[-6.21,53.96],[-6.34,53.94],[-6.44,53.9],[-6.33,53.79]]],[[[0.27,53.13],[0.25,53.04],[0.01,52.79],[0.33,52.71],[0.5,52.85],[0.74,52.9],[1.01,52.89],[1.38,52.81],[1.59,52.65],[1.69,52.31],[1.66,52.21],[1.51,52.03],[1.03,51.81],[0.69,51.56],[0.25,51.45],[0.8,51.38],[1.03,51.36],[1.19,51.41],[1.36,51.35],[1.33,51.12],[0.89,50.98],[0.89,50.89],[0.67,50.93],[0.19,50.73],[-0.2,50.8],[-0.34,50.82],[-0.84,50.72],[-1.1,50.82],[-1.37,50.77],[-2.09,50.7],[-2.02,50.57],[-2.43,50.65],[-2.55,50.57],[-2.96,50.72],[-3.11,50.66],[-3.52,50.62],[-3.56,50.36],[-3.72,50.22],[-3.88,50.2],[-4.0,50.31],[-4.24,50.39],[-4.3,50.32],[-4.54,50.36],[-4.97,50.21],[-5.28,49.96],[-5.43,50.07],[-5.78,50.13],[-5.24,50.35],[-5.02,50.56],[-4.82,50.6],[-4.6,50.78],[-4.55,51.0],[-4.44,50.97],[-4.28,51.06],[-4.28,51.19],[-3.83,51.23],[-3.48,51.18],[-3.07,51.18],[-3.03,51.33],[-2.89,51.39],[-2.75,51.64],[-3.17,51.47],[-3.5,51.46],[-4.16,51.68],[-5.0,51.7],[-5.18,51.79],[-5.25,51.86],[-5.06,52.01],[-4.62,52.09],[-4.29,52.2],[-4.12,52.37],[-4.09,52.75],[-4.15,52.83],[-4.47,52.81],[-4.62,52.83],[-4.49,52.99],[-4.32,53.09],[-3.96,53.21],[-3.33,53.23],[-2.91,53.27],[-3.06,53.51],[-2.98,53.82],[-2.87,54.03],[-2.89,54.17],[-3.26,54.14],[-3.48,54.27],[-3.57,54.42],[-3.43,54.64],[-3.15,54.84],[-3.31,54.88],[-3.58,54.92],[-3.91,54.79],[-4.12,54.76],[-4.46,54.86],[-4.5,54.78],[-4.6,54.69],[-4.9,54.73],[-5.11,54.79],[-5.07,54.95],[-4.91,55.11],[-4.64,55.43],[-4.77,55.49],[-4.91,55.66],[-4.9,55.77],[-4.76,55.82],[-4.62,55.91],[-4.71,56.13],[-4.85,56.1],[-5.13,55.89],[-5.33,55.88],[-5.57,55.75],[-5.63,55.94],[-5.5,56.18],[-5.3,56.43],[-5.27,56.54],[-5.46,56.63],[-5.55,56.65],[-5.64,56.52],[-5.82,56.4],[-6.04,56.47],[-5.91,56.73],[-5.67,56.94],[-5.63,57.0],[-5.73,57.26],[-5.56,57.3],[-5.46,57.39],[-5.76,57.62],[-5.57,57.78],[-5.23,57.71],[-5.06,57.75],[-5.35,58.09],[-4.91,58.17],[-5.11,58.39],[-4.93,58.57],[-4.51,58.4],[-4.14,58.44],[-3.83,58.51],[-3.44,58.53],[-3.17,58.52],[-3.03,58.41],[-3.17,58.28],[-3.94,57.96],[-4.15,57.83],[-4.25,57.64],[-4.15,57.55],[-3.8,57.54],[-3.4,57.58],[-3.09,57.58],[-2.85,57.54],[-2.15,57.57],[-1.94,57.4],[-2.11,57.21],[-2.2,57.06],[-2.16,57.01],[-2.41,56.72],[-2.51,56.67],[-2.67,56.47],[-2.98,56.35],[-3.15,56.34],[-2.95,56.25],[-2.72,56.18],[-2.77,56.17],[-2.9,56.09],[-3.17,56.06],[-3.29,55.97],[-3.89,55.99],[-3.71,55.88],[-3.58,55.88],[-3.36,55.84],[-3.16,55.85],[-2.93,55.95],[-2.74,55.96],[-2.54,55.88],[-2.25,55.81],[-1.94,55.56],[-1.72,55.45],[-1.67,55.38],[-1.7,55.27],[-1.56,54.92],[-1.39,54.68],[-1.19,54.6],[-0.87,54.55],[-0.6,54.3],[-0.3,54.03],[-0.23,53.8],[-0.32,53.58],[-0.2,53.52],[0.08,53.39],[0.17,53.29],[0.27,53.13]]],[[[-5.52,55.67],[-5.48,55.44],[-5.62,55.33],[-5.7,55.33],[-5.76,55.48],[-5.69,55.63],[-5.52,55.67]]],[[[-59.54,13.07],[-59.55,13.07],[-59.57,13.08],[-59.6,13.08],[-59.61,13.08],[-59.61,13.09],[-59.63,13.1],[-59.63,13.1],[-59.64,13.14],[-59.64,13.15],[-59.66,13.29],[-59.66,13.3],[-59.65,13.32],[-59.65,13.32],[-59.64,13.33],[-59.64,13.33],[-59.63,13.33],[-59.62,13.34],[-59.61,13.34],[-59.6,13.33],[-59.59,13.33],[-59.57,13.3],[-59.57,13.29],[-59.57,13.28],[-59.57,13.27],[-59.56,13.26],[-59.55,13.25],[-59.55,13.25],[-59.55,13.24],[-59.52,13.21],[-59.51,13.21],[-59.48,13.19],[-59.47,13.18],[-59.46,13.18],[-59.44,13.17],[-59.44,13.17],[-59.43,13.16],[-59.43,13.15],[-59.43,13.15],[-59.43,13.14],[-59.44,13.12],[-59.44,13.11],[-59.45,13.1],[-59.46,13.09],[-59.46,13.09],[-59.5,13.06],[-59.51,13.05],[-59.53,13.05],[-59.54,13.07]]]]}},{"type":"Feature","properties":{"NAME":"Canada"},"geometry":{"type":"MultiPolygon","coordinates":[[[[-67.2,45.5],[-67.22,45.56],[-67.32,45.56],[-67.59,45.67],[-67.56,45.77],[-67.7,47.04],[-67.78,47.16],[-68.0,47.29],[-68.34,47.31],[-68.53,47.23],[-68.7,47.26],[-68.93,47.43],[-69.05,47.46],[-69.33,47.23],[-69.56,46.95],[-70.08,45.95],[-70.59,45.29],[-71.11,45.35],[-71.29,45.32],[-71.46,45.13],[-71.53,44.96],[-72.03,45.0],[-72.86,45.0],[-73.99,45.02],[-74.78,45.01],[-75.22,44.78],[-75.46,44.64],[-76.13,44.33],[-76.36,44.26],[-76.46,44.24],[-76.45,44.28],[-76.59,44.23],[-76.88,44.11],[-77.03,44.06],[-77.06,44.08],[-77.03,44.1],[-76.93,44.14],[-76.88,44.16],[-76.89,44.17],[-76.9,44.17],[-76.92,44.17],[-76.93,44.18],[-76.93,44.2],[-76.97,44.18],[-77.03,44.13],[-77.04,44.14],[-76.98,44.21],[-76.95,44.25],[-76.96,44.24],[-76.97,44.23],[-76.98,44.21],[-77.0,44.2],[-77.02,44.2],[-77.07,44.19],[-77.15,44.17],[-77.23,44.16],[-77.31,44.16],[-77.41,44.14],[-77.54,44.09],[-77.53,44.09],[-77.39,44.13],[-77.31,44.13],[-77.31,44.09],[-77.25,44.1],[-77.13,44.15],[-77.08,44.13],[-77.12,44.05],[-77.13,44.02],[-77.12,44.03],[-77.08,44.04],[-77.02,44.04],[-76.96,44.06],[-76.88,44.09],[-76.9,44.06],[-77.0,43.97],[-77.05,43.92],[-77.05,43.91],[-77.04,43.91],[-77.04,43.91],[-77.03,43.92],[-77.01,43.94],[-76.97,43.94],[-76.9,43.94],[-76.93,43.91],[-77.08,43.86],[-77.18,43.84],[-77.22,43.85],[-77.27,43.88],[-77.31,43.93],[-77.33,43.95],[-77.31,43.95],[-77.3,43.95],[-77.31,43.94],[-77.31,43.93],[-77.28,43.92],[-77.27,43.92],[-77.25,43.95],[-77.26,43.96],[-77.29,43.94],[-77.3,43.94],[-77.29,43.94],[-77.29,43.95],[-77.29,43.96],[-77.34,43.95],[-77.44,43.93],[-77.54,43.95],[-77.62,44.01],[-78.02,43.98],[-78.74,43.88],[-79.15,43.77],[-79.27,43.67],[-79.39,43.6],[-79.53,43.57],[-79.65,43.49],[-79.74,43.36],[-79.79,43.3],[-79.8,43.3],[-79.8,43.3],[-79.81,43.31],[-79.84,43.3],[-79.9,43.28],[-79.89,43.27],[-79.82,43.27],[-79.79,43.26],[-79.78,43.27],[-79.79,43.28],[-79.79,43.29],[-79.8,43.3],[-79.79,43.3],[-79.69,43.27],[-79.48,43.19],[-79.19,43.21],[-79.14,43.22],[-79.14,43.18],[-79.07,42.97],[-79.05,42.85],[-79.18,42.85],[-79.36,42.87],[-79.64,42.85],[-80.02,42.81],[-80.28,42.74],[-80.39,42.66],[-80.35,42.6],[-80.15,42.57],[-80.06,42.55],[-80.09,42.54],[-80.41,42.57],[-81.01,42.62],[-81.44,42.59],[-81.68,42.46],[-81.82,42.36],[-81.84,42.29],[-81.86,42.26],[-81.89,42.26],[-81.9,42.28],[-81.88,42.32],[-81.88,42.31],[-81.9,42.28],[-82.03,42.22],[-82.28,42.15],[-82.43,42.06],[-82.48,41.96],[-82.53,41.94],[-82.59,42.0],[-82.69,42.02],[-82.85,41.99],[-82.99,42.0],[-83.06,42.03],[-83.06,42.15],[-83.04,42.24],[-82.72,42.48],[-82.54,42.61],[-82.42,42.81],[-82.3,43.03],[-82.23,43.04],[-82.14,43.1],[-82.07,43.18],[-81.96,43.26],[-81.81,43.32],[-81.74,43.53],[-81.75,43.89],[-81.72,44.14],[-81.64,44.27],[-81.52,44.4],[-81.35,44.55],[-81.3,44.71],[-81.34,44.9],[-81.38,44.99],[-81.42,44.98],[-81.47,45.03],[-81.54,45.14],[-81.62,45.2],[-81.69,45.21],[-81.72,45.22],[-81.7,45.25],[-81.59,45.25],[-81.39,45.25],[-81.3,45.22],[-81.32,45.17],[-81.31,45.1],[-81.25,45.01],[-81.19,44.94],[-81.12,44.91],[-81.05,44.91],[-80.99,44.94],[-81.01,44.9],[-81.09,44.8],[-81.08,44.76],[-80.96,44.78],[-80.91,44.74],[-80.93,44.62],[-80.91,44.6],[-80.83,44.67],[-80.76,44.71],[-80.68,44.72],[-80.63,44.69],[-80.61,44.64],[-80.47,44.57],[-80.22,44.5],[-80.07,44.52],[-80.01,44.62],[-80.02,44.7],[-80.09,44.77],[-80.08,44.82],[-79.99,44.85],[-79.95,44.84],[-79.95,44.79],[-79.95,44.77],[-79.94,44.77],[-79.94,44.78],[-79.93,44.8],[-79.92,44.81],[-79.9,44.81],[-79.89,44.8],[-79.89,44.77],[-79.83,44.75],[-79.71,44.74],[-79.67,44.75],[-79.71,44.78],[-79.71,44.8],[-79.69,44.81],[-79.68,44.83],[-79.68,44.87],[-79.69,44.88],[-79.73,44.88],[-79.74,44.87],[-79.74,44.86],[-79.73,44.85],[-79.71,44.84],[-79.7,44.84],[-79.71,44.84],[-79.7,44.83],[-79.69,44.83],[-79.7,44.83],[-79.72,44.82],[-79.73,44.81],[-79.73,44.8],[-79.75,44.8],[-79.78,44.81],[-79.8,44.84],[-79.81,44.9],[-79.85,44.94],[-79.92,44.97],[-79.93,44.99],[-79.89,45.01],[-79.93,45.04],[-80.04,45.07],[-80.05,45.09],[-79.97,45.1],[-79.98,45.13],[-80.09,45.18],[-80.11,45.24],[-80.06,45.31],[-80.05,45.37],[-80.1,45.4],[-80.15,45.41],[-80.21,45.4],[-80.22,45.38],[-80.19,45.35],[-80.2,45.34],[-80.27,45.35],[-80.3,45.37],[-80.29,45.41],[-80.31,45.43],[-80.37,45.45],[-80.38,45.49],[-80.35,45.54],[-80.36,45.58],[-80.4,45.61],[-80.44,45.61],[-80.49,45.58],[-80.51,45.58],[-80.5,45.61],[-80.53,45.65],[-80.62,45.7],[-80.65,45.74],[-80.63,45.76],[-80.59,45.77],[-80.53,45.77],[-80.54,45.77],[-80.62,45.78],[-80.68,45.79],[-80.71,45.82],[-80.71,45.83],[-80.69,45.83],[-80.66,45.84],[-80.63,45.86],[-80.61,45.86],[-80.62,45.87],[-80.64,45.86],[-80.67,45.85],[-80.69,45.84],[-80.72,45.85],[-80.73,45.86],[-80.73,45.88],[-80.73,45.89],[-80.71,45.88],[-80.69,45.89],[-80.66,45.89],[-80.64,45.89],[-80.65,45.89],[-80.65,45.89],[-80.66,45.89],[-80.68,45.89],[-80.7,45.89],[-80.72,45.89],[-80.73,45.89],[-80.75,45.91],[-80.75,45.95],[-80.76,45.97],[-80.76,45.97],[-80.77,45.95],[-80.78,45.92],[-80.79,45.9],[-80.79,45.91],[-80.8,45.91],[-80.8,45.9],[-80.8,45.9],[-80.8,45.9],[-80.8,45.9],[-80.8,45.91],[-80.8,45.91],[-80.8,45.91],[-80.8,45.92],[-80.8,45.94],[-80.8,45.95],[-80.81,45.95],[-80.91,45.95],[-81.1,45.94],[-81.19,45.95],[-81.17,45.98],[-81.19,45.99],[-81.25,45.96],[-81.31,45.96],[-81.37,45.97],[-81.36,45.98],[-81.27,45.99],[-81.24,45.99],[-81.24,46.0],[-81.28,46.0],[-81.33,46.0],[-81.37,46.0],[-81.39,45.99],[-81.41,45.99],[-81.42,45.99],[-81.44,45.99],[-81.48,45.97],[-81.5,45.98],[-81.51,46.0],[-81.55,45.99],[-81.63,45.96],[-81.68,45.94],[-81.69,45.95],[-81.66,45.96],[-81.59,45.99],[-81.59,46.0],[-81.64,46.01],[-81.62,46.02],[-81.52,46.04],[-81.48,46.05],[-81.48,46.05],[-81.52,46.04],[-81.6,46.03],[-81.65,46.02],[-81.67,46.01],[-81.69,46.01],[-81.71,46.01],[-81.67,46.02],[-81.58,46.05],[-81.56,46.07],[-81.63,46.1],[-81.7,46.08],[-81.77,46.01],[-81.85,45.99],[-81.92,46.03],[-81.91,46.04],[-81.82,46.02],[-81.78,46.03],[-81.79,46.05],[-81.77,46.08],[-81.74,46.1],[-81.97,46.12],[-82.46,46.15],[-82.69,46.18],[-82.65,46.2],[-82.74,46.2],[-82.98,46.18],[-83.27,46.2],[-83.61,46.27],[-83.79,46.26],[-83.81,46.17],[-83.82,46.15],[-83.87,46.18],[-84.28,46.27],[-84.36,46.4],[-84.44,46.46],[-84.72,46.45],[-84.74,46.47],[-84.6,46.46],[-84.49,46.48],[-84.56,46.52],[-84.56,46.58],[-84.47,46.65],[-84.44,46.71],[-84.47,46.74],[-84.5,46.74],[-84.55,46.71],[-84.56,46.72],[-84.56,46.79],[-84.52,46.82],[-84.44,46.82],[-84.39,46.84],[-84.37,46.87],[-84.41,46.9],[-84.52,46.93],[-84.58,46.93],[-84.6,46.9],[-84.66,46.91],[-84.74,46.95],[-84.77,47.02],[-84.75,47.1],[-84.7,47.18],[-84.62,47.26],[-84.7,47.37],[-84.92,47.52],[-84.99,47.69],[-84.89,47.86],[-85.03,47.94],[-85.39,47.92],[-85.65,47.93],[-85.8,47.97],[-85.94,48.05],[-86.08,48.18],[-86.17,48.33],[-86.22,48.5],[-86.3,48.63],[-86.38,48.73],[-86.48,48.76],[-86.58,48.74],[-86.65,48.75],[-86.69,48.79],[-86.74,48.79],[-86.82,48.76],[-86.89,48.76],[-86.93,48.8],[-87.04,48.8],[-87.19,48.77],[-87.46,48.82],[-87.85,48.95],[-88.09,49.0],[-88.2,48.98],[-88.25,48.93],[-88.24,48.87],[-88.19,48.82],[-88.13,48.79],[-88.12,48.73],[-88.17,48.64],[-88.23,48.6],[-88.3,48.63],[-88.33,48.63],[-88.31,48.59],[-88.33,48.57],[-88.4,48.57],[-88.46,48.53],[-88.53,48.45],[-88.56,48.44],[-88.55,48.51],[-88.49,48.59],[-88.36,48.7],[-88.34,48.78],[-88.43,48.82],[-88.54,48.72],[-88.68,48.47],[-88.8,48.34],[-88.89,48.31],[-88.9,48.37],[-88.82,48.51],[-88.89,48.53],[-89.11,48.45],[-89.24,48.36],[-89.26,48.25],[-89.34,48.15],[-89.5,48.05],[-89.56,48.01],[-89.52,48.0],[-89.62,47.97],[-89.87,47.99],[-90,47.97],[-90,48.04],[-90,48.07],[-90,48.09],[-90,48.11],[-90,48.12],[-90,48.25],[-91.14,48.21],[-91.33,48.13],[-91.42,48.1],[-91.68,48.04],[-91.91,48.08],[-91.94,48.17],[-92.15,48.2],[-92.26,48.33],[-92.48,48.33],[-92.56,48.22],[-92.71,48.44],[-92.83,48.43],[-92.84,48.52],[-93.48,48.61],[-93.71,48.57],[-94.09,48.78],[-94.3,48.98],[-94.42,49.15],[-94.83,49.49],[-95.05,49.47],[-94.99,49.32],[-94.82,49.05],[-95.13,49.05],[-96.34,49.04],[-97.59,49.05],[-98.2,49.05],[-99.15,49.05],[-100.46,49.04],[-101.71,49.06],[-102.67,49.05],[-103.99,49.06],[-104.26,49.06],[-106.44,49.06],[-108.07,49.06],[-108.46,49.06],[-110.18,49.07],[-110.67,49.05],[-112.53,49.06],[-112.86,49.07],[-115.16,49.06],[-115.92,49.06],[-117.22,49.06],[-118.99,49.06],[-121.05,49.05],[-121.65,49.06],[-122.81,49.06],[-122.9,49.07],[-122.98,49.14],[-123.21,49.27],[-123.25,49.47],[-123.21,49.62],[-123.53,49.51],[-123.7,49.53],[-123.85,49.66],[-123.92,49.89],[-123.98,49.97],[-124.15,49.93],[-124.25,49.84],[-124.47,49.81],[-124.79,50.04],[-124.85,50.23],[-124.94,50.6],[-125.41,50.55],[-125.87,50.67],[-126.09,50.71],[-126.16,50.75],[-126.23,50.93],[-126.43,51.09],[-126.69,50.99],[-127.25,50.97],[-127.46,51.02],[-127.63,51.13],[-127.67,51.25],[-127.56,51.54],[-127.35,51.64],[-127.46,51.77],[-128.01,51.81],[-127.74,52.04],[-127.56,52.17],[-127.31,52.23],[-127.04,52.46],[-127.43,52.46],[-127.71,52.39],[-127.87,52.41],[-128.06,52.5],[-128.08,52.94],[-128.43,52.94],[-128.89,53.42],[-128.83,53.53],[-128.81,53.76],[-129.06,53.74],[-129.43,53.52],[-130.0,53.94],[-130.18,54.17],[-130.27,54.35],[-130.3,54.55],[-130.11,54.73],[-130.04,54.84],[-129.84,54.98],[-130.0,55.29],[-130.18,55.64],[-130.11,55.99],[-130.29,56.11],[-131.2,56.45],[-131.64,56.59],[-131.72,56.61],[-131.96,56.78],[-132.71,57.63],[-133.5,58.42],[-133.87,58.69],[-134.79,59.21],[-134.95,59.36],[-135.12,59.58],[-135.26,59.67],[-135.63,59.7],[-135.85,59.65],[-136.18,59.42],[-136.73,59.12],[-137.12,59.03],[-137.22,58.88],[-137.65,59.19],[-138.62,59.78],[-138.78,59.91],[-138.86,60.08],[-139.01,60.26],[-139.34,60.28],[-140.43,60.23],[-140.81,60.26],[-140.89,60.39],[-140.94,60.86],[-140.95,61.84],[-140.93,63.79],[-140.92,64.77],[-140.97,66.03],[-141.0,67.08],[-141.01,68.09],[-141.01,69.38],[-141.06,69.6],[-140.74,69.58],[-140.33,69.62],[-139.9,69.57],[-139.0,69.37],[-138.28,69.14],[-137.73,69.02],[-137.26,68.96],[-136.93,68.95],[-136.2,68.88],[-135.8,68.77],[-135.61,68.7],[-135.5,68.72],[-135.7,68.99],[-135.86,69.08],[-136.01,69.15],[-136.04,69.34],[-135.44,69.53],[-135.1,69.5],[-134.84,69.53],[-134.78,69.57],[-133.99,69.51],[-133.65,69.51],[-133.14,69.67],[-133.0,69.76],[-132.8,69.76],[-132.51,69.86],[-132.17,69.89],[-131.78,69.93],[-131.45,69.97],[-131.24,70.07],[-131.06,70.16],[-130.71,70.21],[-130.24,70.21],[-129.85,70.15],[-130.05,69.97],[-130.21,69.92],[-130.7,69.85],[-131.19,69.69],[-131.75,69.61],[-132.3,69.49],[-132.62,69.25],[-133.41,69.14],[-133.72,68.92],[-133.34,68.8],[-132.69,68.46],[-132.79,68.71],[-132.71,68.87],[-132.17,68.98],[-132.0,69.09],[-131.67,69.28],[-130.9,69.3],[-130.46,69.47],[-129.94,69.64],[-129.01,69.72],[-128.72,69.87],[-128.31,70.0],[-127.94,70.08],[-127.73,70.19],[-127.81,70.31],[-128.12,70.49],[-128.42,70.69],[-128.01,70.64],[-127.67,70.52],[-127.35,70.38],[-127.17,70.23],[-127.0,70.02],[-126.8,69.79],[-126.62,69.68],[-126.06,69.46],[-125.97,69.43],[-125.45,69.33],[-125.28,69.34],[-125.19,69.41],[-125.42,69.7],[-125.39,69.82],[-125.14,69.83],[-124.99,69.89],[-124.71,69.94],[-124.53,69.78],[-124.51,69.59],[-124.6,69.46],[-124.23,69.4],[-123.8,69.43],[-123.29,69.64],[-123.05,69.86],[-122.84,69.89],[-122.33,69.88],[-121.64,69.76],[-120.85,69.57],[-120.22,69.42],[-119.28,69.26],[-118.82,69.16],[-118.54,69.13],[-117.83,69.01],[-117.33,68.98],[-116.81,68.91],[-116.32,68.9],[-115.69,68.94],[-115.29,68.89],[-114.83,68.77],[-114.39,68.61],[-114.19,68.5],[-114.11,68.35],[-114.34,68.29],[-114.77,68.3],[-115.02,68.28],[-115.4,68.22],[-115.56,67.9],[-114.07,67.73],[-113.29,67.7],[-112.5,67.69],[-112.11,67.72],[-111.78,67.75],[-111.36,67.82],[-110.95,67.87],[-110.53,67.92],[-110.13,67.91],[-109.49,67.69],[-108.84,67.61],[-108.65,67.56],[-108.1,67.36],[-108.1,67.22],[-108.33,67.18],[-108.49,67.07],[-108.35,67.0],[-107.53,66.56],[-107.6,66.74],[-107.61,66.88],[-107.41,66.9],[-107.13,66.96],[-107.16,67.04],[-107.59,67.34],[-107.65,67.43],[-107.72,67.63],[-107.66,67.96],[-107.5,67.98],[-106.63,68.04],[-106.21,68.11],[-106.12,68.24],[-105.91,68.34],[-105.64,68.35],[-105.14,68.23],[-104.45,68.1],[-104.02,68.07],[-103.58,68.12],[-103.31,67.93],[-103.2,67.9],[-102.76,67.8],[-102.22,67.74],[-101.91,67.71],[-101.4,67.71],[-101.0,67.8],[-100.21,67.81],[-99.37,67.79],[-98.89,67.82],[-98.35,67.94],[-97.92,67.72],[-97.5,67.59],[-97.26,67.6],[-97.15,67.74],[-97.16,67.97],[-97.46,68.07],[-97.79,68.13],[-98.41,68.16],[-98.37,68.36],[-97.83,68.4],[-97.57,68.37],[-97.21,68.27],[-96.82,68.18],[-96.43,68.16],[-96.21,68.07],[-96.17,67.99],[-96.21,67.93],[-96.34,67.54],[-96.26,67.32],[-96.12,67.24],[-96.04,67.21],[-95.69,67.17],[-95.26,67.03],[-95.29,67.28],[-95.5,67.72],[-95.44,67.94],[-95.32,68.06],[-95.0,68.05],[-94.64,68.07],[-94.08,68.45],[-93.86,68.47],[-93.65,68.47],[-93.41,68.54],[-93.4,68.6],[-93.47,68.77],[-93.64,68.92],[-93.77,68.92],[-94.14,68.84],[-94.58,68.88],[-94.34,69.11],[-93.98,69.14],[-93.78,69.22],[-93.53,69.22],[-93.19,69.04],[-92.99,68.96],[-92.96,69.08],[-92.99,69.51],[-93.33,69.48],[-93.73,69.5],[-94.04,69.55],[-94.42,69.69],[-94.75,69.66],[-95.31,69.74],[-95.7,69.84],[-96.13,69.94],[-96.42,70.09],[-96.46,70.15],[-96.47,70.3],[-96.33,70.36],[-95.95,70.57],[-96.17,70.67],[-96.7,70.84],[-96.66,70.93],[-96.4,71.2],[-96.13,71.34],[-95.96,71.35],[-95.49,71.24],[-95.43,71.25],[-95.35,71.41],[-95.67,71.57],[-95.76,71.69],[-95.66,71.71],[-95.41,71.86],[-95.25,71.87],[-94.42,71.88],[-94.17,71.85],[-93.84,71.76],[-93.27,71.56],[-93.08,71.41],[-92.99,71.24],[-93.1,70.97],[-92.53,70.73],[-92.17,70.51],[-91.66,70.29],[-91.83,70.13],[-92.27,70.12],[-92.48,69.99],[-92.67,69.74],[-92.46,69.71],[-91.98,69.61],[-91.62,69.59],[-91.44,69.65],[-91.17,69.65],[-90,69.49],[-90,69.33],[-90,69.23],[-90,69.16],[-90,68.95],[-90,68.68],[-90,68.37],[-89.74,68.53],[-89.44,69.05],[-89.14,69.23],[-88.91,69.23],[-88.58,69.1],[-88.1,68.85],[-87.88,68.68],[-87.79,68.48],[-87.86,68.28],[-88.01,68.27],[-88.37,68.31],[-88.46,68.18],[-88.48,67.99],[-88.32,67.81],[-87.81,67.52],[-87.53,67.29],[-87.33,67.17],[-87.06,67.24],[-86.65,67.32],[-86.49,67.38],[-86.4,67.67],[-86.05,67.85],[-85.78,68.04],[-85.67,68.34],[-85.51,68.68],[-85.4,68.76],[-84.77,68.72],[-84.62,68.75],[-84.56,68.99],[-85.01,69.14],[-85.42,69.29],[-85.38,69.7],[-85.11,69.82],[-84.76,69.8],[-84.57,69.83],[-84.31,69.83],[-82.76,69.55],[-82.16,69.25],[-81.93,69.25],[-81.68,69.28],[-81.48,69.19],[-81.37,68.72],[-81.58,68.6],[-81.78,68.56],[-81.89,68.58],[-82.21,68.82],[-82.33,68.82],[-82.69,68.7],[-82.63,68.56],[-82.49,68.32],[-82.18,68.0],[-81.79,67.76],[-81.29,67.5],[-81.28,67.36],[-81.5,67.07],[-81.7,66.99],[-82.33,66.64],[-82.63,66.6],[-83.14,66.37],[-83.48,66.5],[-84.23,66.93],[-84.49,67.05],[-84.71,67.07],[-85.02,66.94],[-84.41,66.71],[-83.74,66.31],[-84.06,66.28],[-84.37,66.31],[-84.95,66.27],[-85.12,66.33],[-85.39,66.61],[-85.9,66.62],[-86.74,66.57],[-86.85,66.46],[-86.58,66.35],[-85.99,66.16],[-86.06,66.07],[-86.33,65.93],[-87.25,65.43],[-87.55,65.35],[-87.79,65.35],[-88.17,65.46],[-88.54,65.68],[-88.64,65.71],[-89.18,65.81],[-89.51,65.93],[-89.78,65.98],[-90,65.97],[-90,65.97],[-90,65.89],[-90,65.77],[-89.69,65.67],[-88.9,65.33],[-88.17,65.13],[-87.62,65.07],[-87.16,65.06],[-87.44,64.57],[-87.99,64.25],[-88.38,64.06],[-88.7,63.99],[-89.08,63.96],[-89.49,64.02],[-89.97,64.19],[-89.99,64.03],[-90,63.9],[-89.86,63.65],[-89.87,63.58],[-90,63.56],[-90,63.61],[-91.59,63.79],[-91.98,63.83],[-93.32,63.97],[-92.35,63.58],[-91.64,63.51],[-91.03,63.39],[-90,63.3],[-90,63.18],[-90,63.1],[-90,62.95],[-91.42,62.85],[-92.06,62.89],[-92.29,62.92],[-92.46,62.79],[-91.89,62.6],[-92.1,62.41],[-92.58,62.27],[-93.23,61.97],[-93.42,61.86],[-93.32,61.54],[-93.47,61.44],[-93.87,61.34],[-94.01,61.22],[-94.25,60.93],[-94.38,60.8],[-94.48,60.49],[-94.61,60.25],[-94.75,59.95],[-94.73,59.76],[-94.8,59.51],[-94.75,59.12],[-94.68,58.88],[-94.41,58.71],[-94.3,58.71],[-94.19,58.67],[-93.89,58.66],[-93.36,58.7],[-93.24,58.68],[-93.07,58.55],[-92.89,58.21],[-92.52,57.69],[-92.42,57.39],[-92.48,56.98],[-92.18,56.97],[-91.34,57.16],[-90,57.18],[-90,57.14],[-90,57.07],[-89.73,56.93],[-88.77,56.74],[-87.91,56.33],[-87.47,55.91],[-85.89,55.61],[-85.6,55.51],[-85.16,55.33],[-84.72,55.21],[-84.47,55.17],[-84.15,55.21],[-83.95,55.19],[-83.58,55.22],[-83.02,55.15],[-82.38,55.06],[-82.2,54.97],[-82.34,54.65],[-82.4,54.27],[-82.33,54.14],[-82.19,53.99],[-82.16,53.8],[-82.21,53.34],[-82.35,53.07],[-82.34,52.98],[-82.07,52.86],[-81.85,52.71],[-81.73,52.55],[-81.71,52.33],[-81.75,52.17],[-81.31,52.12],[-80.88,51.91],[-80.57,51.64],[-80.4,51.38],[-80.36,51.3],[-80.07,51.3],[-79.75,51.11],[-79.34,50.84],[-79.5,51.14],[-79.59,51.27],[-79.53,51.42],[-79.28,51.6],[-79.11,51.52],[-78.94,51.32],[-78.82,51.16],[-78.75,51.32],[-78.7,51.57],[-78.8,51.77],[-78.55,52.01],[-78.49,52.26],[-78.57,52.49],[-78.72,52.69],[-78.84,53.03],[-78.84,53.28],[-78.94,53.55],[-79.03,53.74],[-78.76,53.75],[-78.8,53.96],[-78.93,54.08],[-79.23,54.15],[-79.4,54.28],[-79.55,54.69],[-78.98,54.81],[-78.59,54.92],[-78.31,55.04],[-77.52,55.47],[-77.23,55.61],[-76.76,56.03],[-76.57,56.27],[-76.46,56.57],[-76.44,56.81],[-76.55,57.28],[-76.66,57.52],[-76.77,57.66],[-77.19,57.99],[-77.4,58.11],[-77.9,58.35],[-78.06,58.41],[-78.27,58.53],[-78.34,58.55],[-78.47,58.71],[-78.43,58.76],[-78.04,58.99],[-77.79,59.39],[-77.66,59.57],[-77.55,59.62],[-77.35,59.62],[-77.21,59.75],[-77.26,59.98],[-77.34,60.14],[-77.49,60.32],[-77.51,60.41],[-77.39,60.58],[-77.39,60.69],[-78.18,60.74],[-77.69,61.16],[-77.46,61.47],[-77.46,61.53],[-77.6,61.62],[-77.88,61.74],[-77.99,61.86],[-78.0,62.1],[-77.87,62.29],[-77.62,62.43],[-77.36,62.52],[-76.99,62.49],[-76.19,62.32],[-75.69,62.22],[-75.36,62.18],[-74.71,62.18],[-74.22,62.24],[-73.84,62.34],[-73.74,62.36],[-73.66,62.39],[-73.39,62.35],[-72.95,62.17],[-72.83,62.12],[-72.49,61.91],[-72.08,61.74],[-71.72,61.55],[-71.86,61.37],[-71.67,61.27],[-70.91,61.04],[-70.03,60.88],[-69.7,60.9],[-69.54,60.99],[-69.38,60.86],[-69.39,60.67],[-69.65,60.52],[-69.7,60.32],[-69.51,59.72],[-69.45,59.4],[-69.34,59.21],[-69.36,59.05],[-69.48,58.97],[-69.68,58.98],[-69.83,58.99],[-69.89,58.68],[-69.73,58.56],[-69.21,58.75],[-69.05,58.77],[-68.7,58.79],[-68.57,58.78],[-68.26,58.64],[-68.09,58.48],[-68.09,58.36],[-68.13,58.31],[-68.0,58.17],[-67.77,58.25],[-67.63,58.27],[-67.11,58.3],[-66.82,58.39],[-66.62,58.56],[-66.47,58.81],[-66.33,58.8],[-66.24,58.75],[-65.93,58.42],[-65.91,58.45],[-65.86,58.8],[-65.72,59.06],[-65.51,59.18],[-65.26,59.35],[-65.56,59.58],[-65.55,59.71],[-65.43,59.78],[-64.99,59.82],[-64.9,59.88],[-64.67,60.18],[-64.37,60.01],[-64.1,59.74],[-63.74,59.52],[-63.48,59.16],[-63.01,58.81],[-62.89,58.66],[-63.04,58.53],[-63.0,58.37],[-62.74,58.39],[-62.58,58.04],[-62.49,57.96],[-62.35,57.9],[-62.01,57.84],[-61.89,57.73],[-61.83,57.55],[-62.0,57.51],[-62.19,57.44],[-62.0,57.29],[-61.82,57.19],[-61.48,57.1],[-61.35,57.0],[-61.34,56.81],[-61.36,56.78],[-61.54,56.73],[-61.85,56.74],[-62.18,56.8],[-62.33,56.77],[-62.29,56.69],[-62.16,56.61],[-62.08,56.5],[-61.93,56.27],[-61.74,56.17],[-61.46,56.16],[-61.25,56.08],[-60.87,55.85],[-60.47,55.66],[-60.36,55.51],[-60.37,55.42],[-60.57,55.07],[-60.35,55.04],[-60.05,55.12],[-59.69,55.15],[-59.34,55.08],[-59.08,54.99],[-58.56,54.77],[-58.12,54.71],[-57.43,54.58],[-57.52,54.47],[-57.84,54.37],[-58.17,54.28],[-58.47,54.26],[-58.84,54.15],[-59.11,53.97],[-59.4,53.87],[-59.86,53.84],[-59.99,53.8],[-60.14,53.68],[-60.12,53.52],[-60.25,53.28],[-59.72,53.43],[-59.47,53.47],[-59.18,53.52],[-58.64,53.87],[-58.08,54.08],[-57.56,54.13],[-57.26,54.02],[-57.11,53.87],[-57.29,53.67],[-57.27,53.62],[-57.13,53.48],[-56.85,53.58],[-56.65,53.66],[-56.35,53.57],[-55.88,53.35],[-55.78,53.24],[-55.77,53.16],[-55.9,52.97],[-55.93,52.81],[-56.11,52.61],[-55.66,52.19],[-55.82,52.02],[-56.18,51.89],[-56.67,51.61],[-56.96,51.49],[-57.46,51.47],[-57.83,51.41],[-58.52,51.38],[-58.72,51.19],[-59.13,50.84],[-59.44,50.64],[-59.72,50.51],[-60.14,50.41],[-60.81,50.33],[-61.64,50.28],[-62.29,50.31],[-63.21,50.35],[-63.37,50.33],[-63.85,50.3],[-64.33,50.3],[-65.17,50.35],[-65.58,50.36],[-66.37,50.31],[-66.62,50.22],[-66.85,50.09],[-67.1,49.83],[-67.19,49.58],[-67.32,49.43],[-67.58,49.34],[-68.07,49.29],[-68.31,49.23],[-68.8,48.98],[-69.15,48.73],[-69.51,48.46],[-69.65,48.3],[-69.8,48.19],[-70.19,47.81],[-70.41,47.56],[-70.6,47.43],[-70.81,47.17],[-71.04,46.74],[-70.7,47.07],[-70.53,47.13],[-70.22,47.34],[-69.75,47.77],[-69.25,48.12],[-68.34,48.55],[-67.78,48.72],[-66.97,48.95],[-66.49,49.06],[-66.03,49.17],[-65.37,49.23],[-64.95,49.21],[-64.55,49.08],[-64.32,48.95],[-64.26,48.86],[-64.19,48.65],[-64.25,48.55],[-64.4,48.46],[-64.87,48.32],[-65.21,48.12],[-65.47,48.1],[-65.85,48.21],[-66.18,48.18],[-66.47,48.1],[-66.35,48.06],[-65.84,47.96],[-65.76,47.91],[-65.65,47.71],[-65.61,47.66],[-65.03,47.88],[-65.04,47.78],[-64.83,47.85],[-64.66,47.78],[-64.82,47.68],[-64.92,47.56],[-64.87,47.44],[-64.95,47.43],[-64.98,47.33],[-65.39,47.13],[-64.84,47.12],[-64.81,47.04],[-64.89,46.91],[-64.85,46.72],[-64.8,46.76],[-64.69,46.69],[-64.72,46.63],[-64.7,46.54],[-64.54,46.34],[-64.53,46.27],[-64.16,46.25],[-64.09,46.21],[-64.08,46.24],[-63.75,46.17],[-63.89,46.11],[-64.06,46.11],[-64.08,46.05],[-63.84,45.99],[-63.75,45.88],[-63.49,45.92],[-63.43,45.86],[-63.34,45.86],[-63.28,45.78],[-63.09,45.8],[-63.12,45.85],[-62.74,45.82],[-62.63,45.77],[-62.73,45.68],[-62.62,45.73],[-62.5,45.72],[-62.39,45.72],[-62.08,45.89],[-61.94,45.92],[-61.89,45.76],[-61.72,45.69],[-61.48,45.74],[-61.26,45.55],[-61.44,45.44],[-61.4,45.39],[-61.03,45.38],[-60.96,45.3],[-61.19,45.25],[-61.27,45.3],[-61.4,45.24],[-61.35,45.2],[-61.58,45.2],[-61.68,45.22],[-61.63,45.14],[-61.84,45.13],[-61.81,45.08],[-62.01,45.07],[-62.07,45.01],[-62.27,44.99],[-62.44,44.87],[-62.48,44.92],[-62.79,44.8],[-62.82,44.77],[-63.05,44.71],[-63.11,44.83],[-63.23,44.78],[-63.3,44.66],[-63.39,44.75],[-63.42,44.63],[-63.52,44.6],[-63.56,44.51],[-63.79,44.51],[-63.83,44.55],[-63.9,44.57],[-63.89,44.73],[-64.0,44.57],[-64.09,44.51],[-64.15,44.63],[-64.31,44.62],[-64.29,44.51],[-64.39,44.49],[-64.25,44.45],[-64.24,44.36],[-64.28,44.3],[-64.36,44.33],[-64.71,44.13],[-64.65,44.06],[-64.75,44.0],[-64.84,43.98],[-64.84,43.88],[-64.91,43.94],[-64.87,43.86],[-64.97,43.82],[-65.03,43.87],[-64.99,43.76],[-65.09,43.73],[-65.15,43.76],[-65.22,43.76],[-65.25,43.7],[-65.32,43.75],[-65.43,43.65],[-65.47,43.52],[-65.56,43.62],[-65.71,43.56],[-65.78,43.64],[-65.94,43.86],[-66.0,43.75],[-66.19,44.14],[-65.98,44.49],[-65.86,44.56],[-65.84,44.62],[-66.0,44.56],[-66.16,44.44],[-66.19,44.49],[-65.78,44.72],[-65.72,44.65],[-65.63,44.69],[-65.75,44.74],[-65.25,44.98],[-64.75,45.23],[-64.46,45.39],[-64.31,45.35],[-64.34,45.16],[-64.26,45.18],[-64.14,45.05],[-64.16,45.14],[-64.17,45.22],[-63.88,45.32],[-63.55,45.38],[-63.47,45.35],[-63.38,45.38],[-63.45,45.43],[-63.74,45.45],[-64.01,45.43],[-64.2,45.45],[-64.56,45.46],[-64.7,45.45],[-64.81,45.41],[-64.92,45.37],[-64.91,45.46],[-64.4,45.72],[-64.37,45.81],[-64.26,45.84],[-64.28,45.92],[-64.52,45.79],[-64.47,45.86],[-64.7,46.08],[-64.56,45.89],[-64.72,45.67],[-64.87,45.66],[-65.76,45.29],[-65.89,45.26],[-66.05,45.35],[-66.15,45.38],[-66.05,45.29],[-66.4,45.11],[-66.5,45.19],[-66.96,45.21],[-67.02,45.14],[-67.19,45.25],[-67.27,45.18],[-67.34,45.31],[-67.26,45.35],[-67.27,45.46],[-67.2,45.5]]],[[[-98.61,68.86],[-98.88,68.89],[-99.37,68.97],[-99.17,69.13],[-98.48,69.31],[-98.3,69.39],[-98.25,69.69],[-98.12,69.8],[-97.74,69.83],[-97.41,69.75],[-96.76,69.48],[-96.18,69.3],[-96.15,69.17],[-96.01,69.04],[-95.51,68.81],[-95.64,68.76],[-96.21,68.54],[-96.47,68.51],[-96.79,68.53],[-97.21,68.61],[-97.61,68.64],[-98.17,68.78],[-98.61,68.86]]],[[[-100.76,72.24],[-101.41,72.29],[-101.65,72.37],[-102.67,72.85],[-102.28,73.15],[-101.99,73.08],[-101.52,72.87],[-101.04,72.77],[-100.83,72.75],[-100.56,72.87],[-100.15,73.15],[-99.96,73.17],[-99.96,73.26],[-100.43,73.52],[-100.91,73.71],[-100.99,73.81],[-100.93,73.86],[-100.18,73.82],[-99.86,73.92],[-99.67,73.92],[-99.22,73.74],[-98.97,73.73],[-98.71,73.75],[-98.51,73.86],[-97.96,73.92],[-97.35,73.89],[-96.94,73.79],[-97.08,73.67],[-97.34,73.61],[-97.49,73.46],[-98.19,73.29],[-98.36,73.22],[-98.39,73.13],[-98.28,73.02],[-98.05,72.97],[-97.74,73.01],[-97.25,72.93],[-96.86,72.82],[-96.69,72.82],[-96.43,72.7],[-96.35,72.5],[-96.66,72.34],[-96.73,72.19],[-96.85,71.88],[-97.06,71.72],[-97.28,71.65],[-97.58,71.64],[-97.84,71.69],[-98.19,71.85],[-98.48,71.89],[-98.48,71.8],[-98.0,71.55],[-98.37,71.37],[-98.72,71.35],[-98.94,71.39],[-99.43,71.64],[-99.86,71.93],[-100.32,72.14],[-100.76,72.24]]],[[[-95.61,73.32],[-95.49,73.61],[-95.32,73.76],[-94.76,73.74],[-94.8,73.82],[-94.99,73.94],[-95.07,74.06],[-94.97,74.1],[-94.87,74.14],[-93.9,74.16],[-93.35,74.12],[-92.69,74.01],[-92.12,73.99],[-91.52,74.05],[-91.05,74.05],[-90,74.0],[-90,73.9],[-90,73.86],[-90,73.78],[-90,73.59],[-91.32,73.26],[-92.0,72.84],[-92.62,72.81],[-93.69,72.88],[-94.27,72.85],[-93.64,72.53],[-93.72,72.39],[-94.11,72.22],[-94.54,72.19],[-95.06,72.28],[-95.12,72.52],[-95.55,72.88],[-95.64,73.14],[-95.61,73.32]]],[[[-125.46,49.17],[-125.65,49.06],[-125.78,49.09],[-125.97,49.17],[-125.89,49.38],[-126.11,49.53],[-126.23,49.53],[-126.56,49.57],[-126.66,49.69],[-126.52,49.82],[-126.96,50.06],[-127.21,50.0],[-127.39,50.05],[-127.77,50.28],[-128.34,50.67],[-128.44,50.77],[-128.43,50.83],[-128.0,50.88],[-127.85,50.86],[-126.96,50.59],[-126.52,50.5],[-125.72,50.41],[-125.55,50.29],[-125.27,50.05],[-125.08,49.77],[-124.88,49.58],[-124.72,49.49],[-124.0,49.25],[-123.86,49.16],[-123.65,48.82],[-123.59,48.63],[-123.72,48.48],[-123.9,48.47],[-124.49,48.6],[-125.1,48.8],[-125.2,48.87],[-125.17,48.96],[-125.0,49.17],[-125.46,49.17]]],[[[-132.73,54.07],[-132.38,53.99],[-132.08,54.02],[-131.96,53.97],[-131.89,53.89],[-132.0,53.79],[-132.08,53.54],[-132.09,53.4],[-132.35,53.36],[-132.57,53.28],[-133.0,53.65],[-133.09,53.8],[-133.1,54.02],[-133.05,54.07],[-132.87,54.05],[-132.73,54.07]]],[[[-111.64,72.73],[-111.73,72.33],[-111.49,72.36],[-111.2,72.37],[-110.84,72.47],[-110.57,72.54],[-110.23,72.53],[-110.08,72.56],[-110.52,73.0],[-110.45,73.01],[-109.83,72.95],[-109.29,72.84],[-108.99,72.73],[-108.87,72.62],[-108.78,72.39],[-108.35,71.91],[-108.06,71.76],[-107.59,71.9],[-107.53,72.02],[-108.09,72.63],[-108.28,73.22],[-108.18,73.38],[-107.32,73.27],[-106.52,73.19],[-105.61,72.87],[-105.45,72.79],[-105.31,72.65],[-105.24,72.33],[-105.01,72.04],[-104.85,71.93],[-104.47,71.65],[-104.45,71.57],[-104.53,71.46],[-104.68,71.19],[-104.59,71.05],[-104.49,70.99],[-103.86,70.7],[-103.63,70.62],[-103.12,70.51],[-102.44,70.47],[-101.51,70.21],[-101.06,70.03],[-100.89,69.67],[-100.97,69.63],[-101.45,69.67],[-101.81,69.77],[-102.24,69.88],[-102.49,69.8],[-102.79,69.71],[-103.25,69.69],[-103.36,69.64],[-103.27,69.33],[-102.78,69.36],[-102.5,69.43],[-102.2,69.48],[-101.8,69.24],[-101.81,69.14],[-102.05,69.07],[-102.28,68.95],[-102.54,68.91],[-103.18,68.85],[-103.65,68.86],[-104.19,68.9],[-104.91,69.01],[-105.93,69.23],[-106.18,69.33],[-106.38,69.48],[-106.59,69.5],[-106.85,69.45],[-107.03,69.28],[-107.54,69.06],[-108.01,69.05],[-108.65,69.0],[-109.21,68.81],[-110.45,68.65],[-111.09,68.64],[-111.63,68.61],[-112.52,68.63],[-112.74,68.59],[-113.15,68.6],[-113.6,68.72],[-113.63,68.93],[-113.54,68.98],[-113.54,69.11],[-113.72,69.2],[-113.92,69.25],[-115.34,69.3],[-115.91,69.35],[-116.3,69.43],[-116.66,69.52],[-116.99,69.74],[-117.57,69.99],[-117.43,70.02],[-117.19,70.12],[-116.49,70.15],[-116.21,70.23],[-115.96,70.22],[-115.55,70.23],[-115.15,70.27],[-114.37,70.26],[-113.95,70.26],[-112.99,70.24],[-112.5,70.24],[-111.73,70.26],[-111.54,70.33],[-111.85,70.42],[-112.89,70.65],[-113.76,70.74],[-115.59,70.76],[-116.3,70.77],[-117.06,70.75],[-117.49,70.72],[-117.76,70.72],[-118.5,70.96],[-118.5,71.05],[-118.37,71.08],[-118.0,71.11],[-117.41,71.2],[-116.96,71.19],[-116.16,71.25],[-115.74,71.3],[-115.52,71.42],[-115.69,71.58],[-116.6,71.55],[-117.31,71.47],[-117.49,71.5],[-117.74,71.58],[-118.04,71.74],[-118.34,71.82],[-118.65,71.8],[-118.97,71.91],[-118.99,72.03],[-118.4,72.48],[-117.22,72.86],[-116.81,72.92],[-116.64,73.0],[-116.06,73.12],[-115.46,73.19],[-115.15,73.31],[-114.65,73.35],[-114.19,73.24],[-114.22,73.15],[-114.46,72.99],[-114.47,72.63],[-114.1,72.64],[-113.75,72.7],[-113.24,72.94],[-112.84,72.95],[-112.06,72.84],[-111.64,72.73]]],[[[-124.58,71.9],[-125.19,71.93],[-125.62,71.99],[-125.83,72.08],[-125.9,72.15],[-125.66,72.2],[-125.4,72.34],[-125.18,72.43],[-125.14,72.61],[-125.34,72.97],[-125.09,72.97],[-124.88,73.05],[-124.74,73.22],[-124.25,73.46],[-124.01,73.72],[-124.06,73.87],[-124.19,73.94],[-124.74,74.24],[-124.91,74.44],[-124.52,74.44],[-124.15,74.47],[-123.49,74.45],[-123.06,74.44],[-122.38,74.48],[-121.8,74.55],[-121.24,74.58],[-121.02,74.52],[-119.56,74.16],[-119.14,74.12],[-118.83,74.15],[-118.23,74.21],[-117.68,74.2],[-117.34,74.17],[-116.73,74.0],[-115.65,73.63],[-115.76,73.57],[-115.96,73.55],[-116.07,73.52],[-116.8,73.37],[-117.28,73.31],[-118.1,73.12],[-118.59,72.97],[-119.31,72.65],[-119.77,72.39],[-120.02,72.35],[-120.45,72.3],[-120.42,71.88],[-120.55,71.66],[-120.84,71.53],[-121.39,71.47],[-121.94,71.5],[-122.17,71.29],[-122.57,71.15],[-122.99,71.15],[-123.47,71.2],[-123.63,71.41],[-123.88,71.62],[-124.07,71.73],[-124.58,71.9]]],[[[-114.95,76.44],[-114.37,76.47],[-114.14,76.39],[-113.85,76.22],[-113.55,76.13],[-112.85,76.23],[-112.57,76.16],[-111.84,75.82],[-111.39,75.66],[-110.98,75.64],[-110.55,75.67],[-109.91,75.63],[-109.65,75.64],[-109.14,75.71],[-109.1,75.85],[-109.35,76.1],[-109.78,76.28],[-110.38,76.43],[-109.95,76.58],[-109.71,76.75],[-109.46,76.82],[-108.97,76.87],[-108.74,76.79],[-108.39,76.49],[-108.4,76.3],[-108.16,76.01],[-107.91,75.96],[-107.5,75.94],[-106.69,75.76],[-106.84,75.97],[-106.77,76.1],[-106.59,76.13],[-105.92,76.02],[-105.5,75.85],[-105.63,75.66],[-105.61,75.44],[-105.77,75.23],[-106.03,75.11],[-106.37,75.06],[-106.72,75.05],[-107.48,75.01],[-108.0,75.04],[-108.79,75.13],[-109.07,75.13],[-109.58,75.01],[-110.09,74.92],[-110.43,74.84],[-110.87,74.72],[-111.6,74.59],[-112.2,74.5],[-113.11,74.51],[-113.44,74.55],[-114.09,74.67],[-114.22,74.84],[-113.93,74.9],[-113.38,74.92],[-113.05,74.99],[-112.66,75.02],[-112.14,75.04],[-111.86,75.04],[-111.37,75.1],[-111.15,75.35],[-112.4,75.39],[-112.81,75.42],[-113.52,75.29],[-114.25,75.21],[-114.83,75.2],[-115.19,75.15],[-115.94,75.31],[-116.16,75.24],[-116.57,75.2],[-117.01,75.26],[-117.4,75.41],[-117.39,75.46],[-117.0,75.65],[-116.5,75.68],[-115.58,75.69],[-115.15,75.76],[-116.15,75.93],[-116.3,76.24],[-116.07,76.26],[-115.8,76.34],[-115.38,76.38],[-114.95,76.44]]],[[[-122.28,76.15],[-122.64,76.28],[-122.76,76.42],[-122.66,76.54],[-122.15,76.58],[-121.92,76.64],[-121.58,76.7],[-121.14,76.88],[-120.76,76.98],[-120.43,77.05],[-120.18,77.21],[-119.7,77.31],[-119.12,77.35],[-117.98,77.42],[-117.23,77.41],[-116.83,77.54],[-116.36,77.58],[-115.68,77.38],[-116.02,77.34],[-116.41,77.23],[-116.5,77.11],[-116.45,76.99],[-116.24,76.78],[-116.59,76.78],[-117.0,76.73],[-117.41,76.43],[-117.86,76.44],[-118.25,76.88],[-118.57,76.95],[-118.74,76.94],[-118.84,76.81],[-119.1,76.66],[-119.39,76.38],[-119.65,76.31],[-119.78,76.14],[-120.1,75.98],[-120.45,75.95],[-120.69,76.04],[-121.12,76.25],[-121.31,76.3],[-121.46,76.27],[-121.71,76.18],[-122.28,76.15]]],[[[-113.02,77.6],[-113.16,77.79],[-113.01,77.92],[-112.4,78.0],[-111.99,77.98],[-110.93,78.02],[-110.71,78.02],[-109.66,77.95],[-110.37,77.66],[-110.62,77.54],[-111.45,77.52],[-111.91,77.48],[-112.76,77.55],[-113.02,77.6]]],[[[-103.23,78.27],[-103.51,78.27],[-104.16,78.3],[-104.51,78.37],[-104.97,78.53],[-105.04,78.64],[-104.89,78.7],[-104.53,78.7],[-103.77,78.6],[-103.38,78.61],[-103.39,78.71],[-103.51,78.84],[-104.11,79.06],[-104.37,79.1],[-104.85,79.14],[-105.48,79.22],[-105.45,79.4],[-104.44,79.46],[-103.36,79.39],[-103.02,79.22],[-102.57,79.02],[-101.68,78.93],[-100.69,78.88],[-100.16,78.77],[-99.89,78.66],[-99.39,78.33],[-99.13,78.13],[-99.05,77.94],[-99.27,77.85],[-99.68,77.79],[-100.2,77.82],[-100.47,77.89],[-100.89,78.18],[-101.17,78.27],[-102.56,78.31],[-103.23,78.27]]],[[[-61.05,46.66],[-60.63,47.13],[-60.26,46.94],[-60.43,46.74],[-60.48,46.53],[-60.58,46.38],[-60.7,46.33],[-60.96,46.19],[-61.07,45.99],[-60.84,45.88],[-60.76,45.89],[-60.64,46.01],[-60.45,46.17],[-60.17,46.31],[-60.03,46.29],[-59.81,46.08],[-59.89,45.93],[-60.0,45.85],[-60.51,45.66],[-60.81,45.64],[-61.03,45.67],[-61.25,45.79],[-61.41,46.05],[-61.38,46.33],[-61.05,46.66]]],[[[-57.97,49.08],[-57.81,49.2],[-58.13,49.5],[-58.09,49.59],[-57.86,49.99],[-57.36,50.6],[-56.7,51.18],[-56.38,51.38],[-56.15,51.47],[-55.56,51.56],[-55.47,51.52],[-55.42,51.43],[-55.56,51.33],[-55.82,51.31],[-55.93,51.25],[-55.77,51.05],[-56.11,50.7],[-56.66,50.06],[-56.78,49.82],[-56.73,49.69],[-56.68,49.69],[-56.49,49.77],[-56.27,50.02],[-56.07,50.1],[-55.57,49.97],[-55.97,49.66],[-55.85,49.57],[-55.75,49.53],[-55.11,49.28],[-54.77,49.29],[-54.62,49.48],[-54.48,49.5],[-54.16,49.48],[-53.79,49.39],[-53.51,49.28],[-53.64,49.15],[-53.81,49.05],[-54.13,48.84],[-53.98,48.69],[-53.76,48.52],[-53.65,48.52],[-53.46,48.59],[-53.25,48.65],[-53.12,48.6],[-53.11,48.52],[-53.23,48.41],[-53.41,48.29],[-53.81,48.25],[-53.88,48.19],[-53.76,48.03],[-53.7,47.84],[-53.58,47.74],[-53.49,47.83],[-53.36,47.95],[-53.12,47.88],[-53.16,47.68],[-53.1,47.55],[-52.77,47.54],[-52.74,47.55],[-52.73,47.45],[-52.8,47.32],[-52.92,47.02],[-53.07,46.73],[-53.17,46.76],[-53.49,46.82],[-53.62,46.89],[-53.64,47.18],[-53.91,47.0],[-54.08,46.99],[-54.13,47.11],[-53.9,47.41],[-53.9,47.56],[-54.09,47.77],[-54.21,47.8],[-54.39,47.63],[-54.58,47.5],[-54.74,47.43],[-54.94,47.34],[-55.18,47.1],[-55.41,46.95],[-55.8,46.97],[-55.9,47.06],[-55.83,47.13],[-55.28,47.31],[-55.07,47.55],[-54.78,47.71],[-55.1,47.77],[-55.37,47.79],[-55.51,47.59],[-55.7,47.58],[-55.76,47.65],[-55.74,47.87],[-56.08,47.87],[-56.15,47.73],[-56.33,47.64],[-56.8,47.62],[-57.12,47.64],[-57.64,47.73],[-58.09,47.76],[-58.7,47.74],[-59.16,47.67],[-59.22,47.75],[-59.32,47.96],[-59.23,48.04],[-58.98,48.19],[-58.65,48.38],[-58.43,48.45],[-58.14,48.6],[-58.68,48.7],[-58.39,49.04],[-58.23,49.11],[-58.11,49.08],[-57.97,49.08]]],[[[-87.1,63.54],[-87.05,63.75],[-86.8,63.89],[-86.06,64.14],[-86.2,64.36],[-86.24,64.54],[-86.2,64.73],[-86.02,65.11],[-85.82,65.36],[-85.71,65.65],[-85.56,65.86],[-85.06,65.61],[-85.2,65.38],[-84.84,65.2],[-84.61,65.18],[-84.42,65.39],[-84.12,65.34],[-83.76,65.21],[-83.35,64.98],[-83.09,64.87],[-82.11,64.64],[-81.91,64.52],[-81.83,64.41],[-81.87,63.99],[-81.63,63.97],[-81.37,64.0],[-80.95,63.98],[-80.64,63.91],[-80.18,63.72],[-80.37,63.68],[-80.49,63.62],[-80.7,63.5],[-81.12,63.52],[-81.4,63.58],[-82.0,63.63],[-82.2,63.69],[-82.49,63.94],[-82.73,64.08],[-83.19,64.18],[-83.43,64.17],[-83.52,64.05],[-83.44,63.79],[-83.5,63.74],[-84.09,63.67],[-84.39,63.45],[-84.65,63.31],[-85.16,63.18],[-85.46,63.21],[-85.43,63.6],[-85.6,63.75],[-86.03,63.68],[-87.1,63.54]]],[[[-77.11,67.85],[-76.79,68.15],[-76.5,68.27],[-75.88,68.34],[-75.47,68.25],[-75.12,68.11],[-75.13,67.9],[-75.15,67.58],[-75.31,67.46],[-75.77,67.3],[-76.27,67.25],[-76.86,67.26],[-77.06,67.33],[-77.17,67.44],[-77.25,67.65],[-77.11,67.85]]],[[[-71.54,63.36],[-71.26,63.57],[-71.88,63.8],[-72.39,63.86],[-72.73,64.01],[-73.15,64.34],[-73.16,64.57],[-73.67,64.6],[-74.26,64.77],[-74.56,64.78],[-74.43,64.44],[-74.5,64.39],[-74.69,64.4],[-75.45,64.55],[-75.59,64.53],[-75.74,64.4],[-75.94,64.27],[-76.53,64.23],[-77.13,64.31],[-77.74,64.39],[-78.1,64.51],[-78.13,64.65],[-78.04,64.83],[-77.87,64.99],[-77.39,65.06],[-77.3,65.14],[-77.36,65.38],[-77.27,65.39],[-76.66,65.34],[-76.02,65.26],[-75.79,65.2],[-75.36,64.92],[-75.33,65.09],[-75.4,65.18],[-75.37,65.26],[-75.1,65.28],[-74.66,65.32],[-74.37,65.4],[-74.08,65.45],[-73.85,65.42],[-73.49,65.41],[-73.42,65.53],[-73.93,65.9],[-74.28,66.06],[-74.33,66.16],[-74.26,66.24],[-73.99,66.27],[-73.67,66.38],[-73.04,66.64],[-72.87,66.89],[-72.53,67.09],[-72.3,67.26],[-72.35,67.53],[-72.76,67.91],[-72.94,68.13],[-73.18,68.3],[-73.37,68.3],[-73.94,68.44],[-74.41,68.66],[-74.52,68.87],[-74.75,69.04],[-74.95,68.95],[-75.2,68.86],[-75.57,68.87],[-75.7,68.82],[-75.98,68.81],[-76.55,68.73],[-76.64,69.03],[-76.18,69.06],[-75.62,69.1],[-75.55,69.22],[-76.27,69.5],[-76.97,69.8],[-77.37,69.81],[-77.62,69.89],[-77.7,70.14],[-78.0,70.29],[-78.21,70.31],[-78.62,70.45],[-78.93,70.6],[-79.1,70.66],[-79.38,70.59],[-79.74,70.67],[-80.27,70.78],[-80.49,70.81],[-80.66,70.75],[-80.42,70.61],[-80.22,70.59],[-78.94,70.27],[-78.74,70.15],[-78.71,70.01],[-78.94,69.91],[-79.24,69.88],[-79.49,69.9],[-79.83,69.92],[-80.19,70.03],[-80.71,70.15],[-81.01,70.18],[-81.16,70.11],[-81.14,70.01],[-80.95,69.91],[-80.83,69.71],[-81.6,69.96],[-81.81,69.98],[-81.99,69.93],[-82.27,69.86],[-82.61,69.96],[-82.93,70.01],[-83.31,69.96],[-83.98,70.04],[-84.87,70.11],[-85.47,70.1],[-85.98,70.11],[-86.37,70.2],[-86.37,70.46],[-86.54,70.53],[-86.94,70.56],[-87.12,70.4],[-87.4,70.36],[-87.95,70.38],[-88.43,70.46],[-89.02,70.68],[-89.21,70.84],[-89.15,70.97],[-88.76,71.0],[-88.25,70.97],[-87.7,70.92],[-87.31,70.93],[-87.17,71.02],[-87.59,71.23],[-87.95,71.35],[-88.36,71.4],[-88.85,71.45],[-89.19,71.43],[-89.44,71.44],[-90.0,71.54],[-89.95,71.73],[-89.81,71.98],[-89.66,72.04],[-89.37,72.07],[-89.33,72.17],[-89.82,72.35],[-89.84,72.43],[-89.64,72.78],[-89.1,73.2],[-88.85,73.32],[-88.43,73.47],[-88.1,73.64],[-87.91,73.65],[-87.74,73.73],[-87.43,73.73],[-87.21,73.79],[-86.89,73.83],[-86.25,73.88],[-85.64,73.86],[-85.25,73.78],[-85.67,73.6],[-86.03,73.38],[-86.66,73.1],[-86.86,72.86],[-86.78,72.69],[-86.21,72.45],[-86.41,72.32],[-86.45,72.13],[-86.33,71.99],[-85.94,71.74],[-85.24,71.46],[-85.29,71.41],[-85.86,71.26],[-85.89,71.12],[-85.46,71.11],[-84.78,71.06],[-84.49,71.35],[-84.53,71.54],[-84.69,71.66],[-85.01,71.71],[-85.2,71.77],[-85.6,72.01],[-85.56,72.08],[-85.33,72.19],[-85.12,72.28],[-84.67,72.22],[-84.29,72.26],[-84.83,72.47],[-85.15,72.48],[-85.5,72.61],[-85.53,72.7],[-85.51,72.94],[-85.11,73.08],[-84.56,73.05],[-83.88,73.07],[-84.31,73.2],[-84.86,73.35],[-84.51,73.49],[-83.93,73.58],[-83.46,73.64],[-82.7,73.78],[-82.2,73.78],[-81.91,73.75],[-81.53,73.69],[-81.18,73.47],[-80.49,73.04],[-80.46,72.97],[-80.72,72.66],[-81.04,72.38],[-81.03,72.05],[-80.86,72.01],[-80.57,72.0],[-80.08,72.14],[-79.95,72.34],[-79.69,72.38],[-79.33,72.37],[-79.13,72.29],[-79.13,72.17],[-79.06,71.96],[-78.66,71.87],[-78.57,71.93],[-78.67,72.31],[-78.57,72.37],[-78.36,72.58],[-77.9,72.7],[-77.46,72.73],[-77.12,72.71],[-76.68,72.63],[-76.15,72.57],[-75.63,72.61],[-75.32,72.55],[-75.18,72.43],[-74.9,72.28],[-74.64,72.2],[-74.31,72.04],[-74.31,71.95],[-74.55,71.91],[-74.77,71.79],[-75.14,71.67],[-75.2,71.57],[-75.0,71.45],[-74.81,71.42],[-74.41,71.61],[-74.11,71.69],[-73.89,71.66],[-73.67,71.56],[-73.51,71.35],[-73.28,71.16],[-73.12,71.27],[-72.53,71.63],[-71.66,71.51],[-71.25,71.35],[-71.28,71.32],[-71.56,71.16],[-71.88,70.93],[-71.36,70.96],[-71.15,71.03],[-70.67,71.08],[-70.65,70.76],[-70.29,70.62],[-70.06,70.65],[-69.68,70.74],[-69.09,70.78],[-68.72,70.68],[-68.47,70.56],[-68.54,70.49],[-68.75,70.39],[-69.59,70.2],[-69.7,70.07],[-69.46,69.96],[-69.26,69.99],[-68.92,70.07],[-68.37,70.12],[-68.18,70.25],[-68.02,70.3],[-67.8,70.27],[-67.58,70.19],[-67.33,70.03],[-67.04,69.8],[-67.5,69.8],[-68.04,69.77],[-68.23,69.71],[-68.21,69.59],[-68.04,69.53],[-67.44,69.5],[-67.02,69.42],[-66.77,69.32],[-66.67,69.19],[-66.83,69.17],[-67.17,69.17],[-67.63,69.21],[-68.02,69.3],[-68.39,69.33],[-68.53,69.25],[-67.98,68.99],[-68.08,68.9],[-68.78,68.84],[-68.67,68.72],[-68.47,68.64],[-68.22,68.63],[-67.62,68.46],[-67.03,68.31],[-66.92,68.23],[-66.9,68.1],[-66.74,67.93],[-66.41,68.02],[-66.17,68.0],[-65.53,67.87],[-65.4,67.9],[-65.1,67.97],[-64.83,67.95],[-64.49,67.78],[-64.1,67.57],[-63.93,67.41],[-64.24,67.37],[-64.6,67.32],[-64.61,67.12],[-64.26,67.12],[-63.62,67.14],[-63.39,67.2],[-62.99,67.18],[-63.16,66.93],[-62.75,66.85],[-62.52,66.85],[-62.1,67.02],[-61.79,66.86],[-61.3,66.68],[-61.21,66.64],[-61.33,66.53],[-61.45,66.49],[-61.49,66.34],[-61.86,66.32],[-62.19,66.41],[-62.3,66.43],[-62.66,66.34],[-62.22,66.13],[-62.09,66.06],[-62.07,65.94],[-62.54,65.85],[-62.7,65.75],[-62.84,65.61],[-63.01,65.66],[-63.38,65.93],[-63.51,65.43],[-63.35,65.02],[-63.54,65.0],[-63.85,65.11],[-64.18,65.19],[-64.28,65.27],[-64.28,65.38],[-64.43,65.5],[-64.84,65.38],[-65.18,65.65],[-65.16,65.78],[-65.03,65.95],[-65.17,66.01],[-65.27,66.02],[-65.72,66.05],[-66.04,66.19],[-66.57,66.46],[-66.91,66.59],[-67.26,66.62],[-67.46,66.51],[-67.75,66.48],[-67.76,66.37],[-67.63,66.29],[-67.16,65.99],[-67.31,65.93],[-67.61,65.91],[-67.78,66.03],[-68.09,66.19],[-68.38,66.28],[-68.25,66.06],[-67.87,65.63],[-67.59,65.62],[-67.33,65.58],[-67.1,65.32],[-66.83,64.96],[-66.6,64.77],[-66.32,64.91],[-66.19,64.89],[-65.93,64.71],[-65.66,64.59],[-65.04,64.41],[-65.33,64.36],[-65.42,64.27],[-65.31,64.18],[-65.05,64.05],[-64.62,63.85],[-64.47,63.74],[-64.36,63.44],[-64.42,63.25],[-65.0,63.76],[-65.25,63.87],[-65.26,63.76],[-65.21,63.64],[-64.73,63.07],[-64.74,62.93],[-65.16,62.99],[-65.13,62.9],[-64.94,62.71],[-64.77,62.48],[-65.02,62.55],[-65.3,62.7],[-65.7,63.01],[-65.76,63.02],[-66.09,62.99],[-66.5,63.08],[-67.14,63.38],[-67.29,63.5],[-67.77,63.8],[-67.68,63.45],[-68.23,63.67],[-68.49,63.74],[-68.88,63.75],[-68.84,63.65],[-68.48,63.34],[-68.09,63.15],[-67.26,62.86],[-66.68,62.57],[-66.33,62.32],[-66.13,62.1],[-65.94,61.79],[-66.77,61.94],[-67.45,62.13],[-68.01,62.26],[-68.66,62.31],[-69.16,62.42],[-69.56,62.71],[-70.08,62.77],[-70.36,62.86],[-70.65,62.93],[-70.67,62.86],[-70.78,62.96],[-71.32,63.06],[-71.62,63.21],[-71.69,63.33],[-71.54,63.36]]],[[[-90,75.97],[-89.8,75.92],[-89.59,75.86],[-89.37,75.65],[-89.04,75.46],[-88.76,75.42],[-88.67,75.45],[-88.65,75.59],[-88.52,75.62],[-88.03,75.62],[-87.64,75.7],[-87.29,75.66],[-86.92,75.55],[-86.62,75.43],[-86.18,75.41],[-85.83,75.62],[-85.2,75.74],[-84.44,75.79],[-83.56,75.9],[-82.87,75.88],[-81.7,75.87],[-81.53,75.86],[-81.18,75.72],[-80.77,75.61],[-80.13,75.54],[-79.83,75.49],[-79.74,75.47],[-79.58,75.4],[-79.5,75.28],[-79.68,75.21],[-80.5,75.03],[-80.56,74.92],[-80.35,74.62],[-81.47,74.58],[-81.73,74.57],[-82.03,74.53],[-82.37,74.56],[-82.75,74.63],[-82.94,74.68],[-83.07,74.98],[-83.45,75.08],[-83.61,75.02],[-83.58,74.7],[-83.82,74.64],[-84.16,74.67],[-84.57,74.62],[-84.9,74.62],[-85.12,74.62],[-85.72,74.72],[-85.99,74.81],[-86.21,74.82],[-86.31,74.62],[-87.12,74.57],[-87.49,74.54],[-88.14,74.57],[-88.33,74.68],[-88.39,74.99],[-88.95,74.93],[-89.12,74.85],[-89.27,74.7],[-89.7,74.61],[-90,74.63],[-90,74.64],[-90,74.72],[-91.05,74.98],[-91.36,74.76],[-91.87,74.79],[-92.17,75.1],[-92.37,75.42],[-92.1,75.64],[-92.09,75.81],[-92.22,75.95],[-92.79,76.24],[-93.06,76.37],[-93.08,76.53],[-92.8,76.59],[-92.25,76.62],[-91.13,76.63],[-90,76.59],[-90,76.47],[-90,76.46],[-89.81,76.37],[-90,76.29],[-90,76.28],[-90,76.26],[-90,76.18],[-91.16,75.97],[-90,75.95],[-90,75.97],[-90,75.97]]],[[[-90,82.02],[-88.64,82.07],[-88.07,82.13],[-87.45,82.14],[-86.68,81.99],[-86.5,82.04],[-86.32,82.21],[-85.74,82.33],[-84.95,82.38],[-84.06,82.29],[-83.72,82.29],[-82.57,82.22],[-81.39,82.08],[-80.75,82.04],[-80.09,81.97],[-79.89,82.04],[-80.54,82.23],[-81.29,82.39],[-81.65,82.58],[-81.52,82.69],[-80.91,82.76],[-80.41,82.87],[-79.77,82.91],[-78.7,83.0],[-77.95,82.95],[-77.07,82.86],[-76.62,82.74],[-76.08,82.54],[-75.92,82.52],[-75.8,82.68],[-76.23,82.91],[-76.61,83.04],[-76.38,83.15],[-75.73,83.1],[-74.9,83.02],[-74.16,82.99],[-73.42,82.78],[-73.25,82.77],[-73.23,82.86],[-73.36,83.1],[-72.56,83.1],[-71.93,83.08],[-71.55,82.96],[-71.18,82.81],[-70.9,82.81],[-70.92,82.93],[-71.07,83.14],[-70.58,83.18],[-68.92,83.0],[-67.7,82.87],[-66.82,82.91],[-65.48,82.9],[-65.05,82.88],[-64.71,82.82],[-64.65,82.82],[-64.01,82.78],[-63.52,82.7],[-63.19,82.65],[-62.43,82.63],[-61.82,82.47],[-61.99,82.31],[-62.55,82.26],[-63.09,82.1],[-63.92,82.01],[-64.36,82.03],[-65.35,82.1],[-66.37,82.1],[-66.72,82.04],[-67.59,81.96],[-67.85,81.75],[-67.52,81.59],[-67.17,81.57],[-66.71,81.59],[-65.94,81.71],[-65.59,81.7],[-65.22,81.51],[-65.3,81.46],[-65.86,81.4],[-66.48,81.3],[-67.01,81.17],[-67.95,80.94],[-68.55,80.84],[-69.08,80.68],[-69.5,80.55],[-70.51,80.55],[-70.22,80.14],[-70.42,80.05],[-71.45,79.85],[-71.8,79.85],[-72.51,79.87],[-73.17,79.97],[-74.25,80.04],[-74.54,79.89],[-73.38,79.58],[-73.67,79.52],[-74.11,79.53],[-74.69,79.52],[-75.17,79.51],[-76.33,79.61],[-77.24,79.58],[-77.3,79.29],[-76.73,79.33],[-76.25,79.32],[-75.21,79.19],[-74.96,79.12],[-74.91,78.82],[-75.06,78.73],[-75.52,78.68],[-75.75,78.36],[-76.24,78.35],[-76.44,78.38],[-76.62,78.3],[-76.48,78.18],[-76.14,78.07],[-76.29,78.01],[-77.02,77.97],[-77.41,77.99],[-78.18,78.07],[-78.37,78.03],[-78.18,77.68],[-78.22,77.57],[-78.51,77.44],[-78.86,77.37],[-79.54,77.42],[-80.46,77.47],[-81.1,77.58],[-81.55,77.54],[-82.1,77.32],[-81.64,77.27],[-81.47,77.24],[-80.5,77.19],[-79.71,77.13],[-79.02,77.06],[-78.12,77.04],[-77.82,76.89],[-77.8,76.73],[-78.21,76.55],[-79.42,76.43],[-79.84,76.37],[-80.31,76.27],[-80.81,76.24],[-81.02,76.36],[-81.38,76.65],[-81.63,76.63],[-81.92,76.63],[-82.57,76.78],[-82.57,76.7],[-82.42,76.47],[-83.09,76.48],[-83.76,76.54],[-84.16,76.68],[-84.62,76.89],[-84.8,76.87],[-84.56,76.54],[-84.67,76.47],[-85.04,76.41],[-85.81,76.46],[-86.84,76.47],[-87.27,76.5],[-87.89,76.68],[-88.18,76.74],[-88.31,76.54],[-88.59,76.47],[-89.42,76.61],[-89.35,76.87],[-89.25,76.98],[-88.56,77.03],[-88.29,77.14],[-87.85,77.22],[-87.32,77.2],[-87.1,77.28],[-87.58,77.46],[-88.05,77.75],[-88.03,77.82],[-87.81,77.88],[-87.22,77.86],[-86.44,77.82],[-86.04,77.72],[-85.54,77.49],[-84.93,77.35],[-84.44,77.3],[-83.69,77.31],[-83.32,77.37],[-83.28,77.49],[-83.05,77.63],[-84.41,77.63],[-84.87,77.71],[-84.94,78.09],[-84.84,78.16],[-85.63,78.23],[-86.51,78.3],[-86.63,78.3],[-86.92,78.25],[-86.83,78.59],[-86.3,78.83],[-85.81,78.91],[-84.98,78.91],[-84.46,78.89],[-83.84,78.86],[-82.93,78.72],[-82.33,78.67],[-82.11,78.74],[-81.6,78.75],[-83.13,79.12],[-83.91,79.26],[-85.51,79.83],[-85.69,79.72],[-86.32,80.11],[-86.31,80.23],[-86.17,80.28],[-85.38,80.23],[-84.53,80.23],[-83.62,80.21],[-82.9,80.03],[-81.76,79.68],[-81.11,79.7],[-80.73,79.66],[-81.36,79.91],[-82.26,80.05],[-81.72,80.39],[-81.06,80.53],[-80.28,80.54],[-79.6,80.64],[-78.68,80.68],[-78.16,80.73],[-77.52,80.75],[-78.32,80.97],[-78.96,81.03],[-80.09,81.02],[-80.65,80.91],[-81.23,80.84],[-81.88,80.75],[-82.53,80.73],[-82.79,80.7],[-83.48,80.89],[-83.58,80.84],[-83.82,80.77],[-84.79,80.78],[-85.5,80.62],[-85.36,80.99],[-84.92,81.12],[-84.92,81.21],[-85.19,81.32],[-85.81,81.39],[-86.44,81.39],[-88.32,81.17],[-89.24,80.86],[-89.42,80.91],[-89.68,81.03],[-89.5,81.09],[-89.19,81.1],[-89.25,81.24],[-89.56,81.42],[-90,81.44],[-90,81.44],[-90,81.45],[-91.08,81.54],[-91.22,81.84],[-90,81.97],[-90,82.01],[-90,82.02]]],[[[-100.1,75.76],[-100.62,75.79],[-101.58,75.69],[-102.0,75.65],[-102.15,75.64],[-102.53,75.77],[-102.52,75.92],[-102.18,75.93],[-101.94,76.04],[-101.68,76.06],[-101.88,76.33],[-101.81,76.44],[-101.75,76.54],[-101.53,76.54],[-101.14,76.44],[-100.27,76.1],[-100.07,76.02],[-99.87,76.06],[-99.91,76.17],[-100.34,76.39],[-100.51,76.45],[-100.69,76.61],[-100.5,76.65],[-100.07,76.67],[-99.75,76.62],[-99.28,76.5],[-99.02,76.42],[-98.9,76.41],[-98.83,76.62],[-98.61,76.68],[-98.29,76.63],[-97.96,76.55],[-97.82,76.48],[-97.65,76.14],[-97.67,75.86],[-97.78,75.75],[-98.15,75.6],[-98.16,75.44],[-98.0,75.16],[-98.16,75.1],[-98.91,75.14],[-99.29,75.09],[-99.94,75.08],[-100.39,75.18],[-100.47,75.31],[-100.13,75.49],[-99.94,75.54],[-99.9,75.61],[-100.1,75.76]]],[[[-96.81,76.92],[-96.72,77.02],[-95.63,77.04],[-94.93,76.92],[-94.27,76.9],[-94.2,76.9],[-93.79,76.74],[-93.87,76.63],[-93.82,76.48],[-93.94,76.4],[-94.51,76.42],[-95.53,76.5],[-95.72,76.47],[-95.87,76.51],[-96.28,76.73],[-96.81,76.92]]],[[[-98.34,78.8],[-97.31,78.82],[-96.49,78.68],[-95.1,78.44],[-95.12,78.28],[-95.23,78.13],[-95.43,78.11],[-96.13,78.03],[-96.6,78.0],[-97.09,78.01],[-97.46,78.1],[-97.92,78.32],[-98.44,78.66],[-98.45,78.76],[-98.34,78.8]]],[[[-88.34,80.12],[-88.37,80.23],[-88.35,80.41],[-88.15,80.46],[-87.83,80.37],[-87.5,80.23],[-87.34,80.09],[-87.37,80.02],[-87.34,79.64],[-87.0,79.45],[-86.57,79.45],[-85.99,79.49],[-85.25,79.26],[-85.76,79.38],[-86.45,79.23],[-87.17,79.13],[-87.54,78.96],[-87.67,78.87],[-87.79,78.73],[-87.99,78.72],[-88.66,78.9],[-88.96,78.75],[-88.75,78.56],[-88.76,78.45],[-88.94,78.36],[-89.12,78.34],[-89.61,78.48],[-90,78.62],[-90,78.33],[-90,78.3],[-90,78.28],[-90,78.26],[-91.42,78.31],[-92.08,78.37],[-92.48,78.44],[-92.7,78.43],[-94.1,79.02],[-94.19,79.15],[-93.3,79.26],[-91.81,79.21],[-91.41,79.17],[-90,79.13],[-91.82,79.44],[-93.18,79.53],[-93.67,79.48],[-94.32,79.49],[-94.59,79.41],[-95.04,79.4],[-95.31,79.49],[-95.79,79.72],[-96.43,79.93],[-96.59,80.09],[-95.7,80.04],[-94.68,80.12],[-95.24,80.23],[-95.58,80.39],[-95.41,80.52],[-95.08,80.58],[-94.74,80.59],[-94.32,80.57],[-94.25,80.67],[-95.06,81.03],[-94.59,81.08],[-94.04,81.16],[-93.53,81.12],[-93.27,81.15],[-93.2,81.23],[-93.43,81.44],[-92.82,81.38],[-92.4,81.35],[-92.02,81.26],[-91.31,80.87],[-91.02,80.75],[-90,80.64],[-90,80.64],[-90,80.66],[-89.8,80.7],[-89.42,80.61],[-89.27,80.39],[-89.04,80.17],[-88.85,80.14],[-88.34,80.12]]]]}},{"type":"Feature","properties":{"NAME":"France"},"geometry":{"type":"MultiPolygon","coordinates":[[[[-1.56,43.52],[-1.31,44.56],[-1.14,44.6],[-1.23,44.73],[-1.33,44.61],[-1.28,45.13],[-1.18,45.5],[-1.12,45.43],[-0.9,45.29],[-0.81,45.12],[-0.73,45.02],[-0.85,45.32],[-1.14,45.58],[-1.25,45.69],[-1.24,45.8],[-1.08,46.01],[-1.17,46.18],[-1.26,46.31],[-1.4,46.4],[-1.71,46.45],[-1.94,46.71],[-2.13,46.85],[-2.0,47.04],[-2.11,47.12],[-2.26,47.18],[-2.49,47.25],[-2.58,47.32],[-2.47,47.49],[-2.61,47.57],[-2.84,47.49],[-3.06,47.6],[-3.43,47.72],[-3.71,47.8],[-3.86,47.79],[-3.95,47.9],[-4.36,47.83],[-4.39,47.94],[-4.51,48.0],[-4.68,48.02],[-4.7,48.06],[-4.31,48.1],[-4.35,48.2],[-4.59,48.25],[-4.39,48.3],[-4.35,48.39],[-4.47,48.38],[-4.59,48.39],[-4.78,48.35],[-4.76,48.55],[-4.63,48.55],[-4.49,48.61],[-4.25,48.65],[-4.0,48.73],[-3.9,48.65],[-3.82,48.72],[-3.61,48.69],[-3.56,48.81],[-3.44,48.84],[-3.09,48.87],[-2.91,48.71],[-2.79,48.59],[-2.64,48.55],[-2.34,48.67],[-2.2,48.6],[-2.08,48.66],[-1.87,48.71],[-1.86,48.61],[-1.59,48.64],[-1.46,48.68],[-1.58,48.77],[-1.59,48.88],[-1.56,49.04],[-1.58,49.23],[-1.64,49.22],[-1.89,49.53],[-1.94,49.71],[-1.52,49.65],[-1.25,49.7],[-1.29,49.52],[-1.18,49.33],[-1.02,49.4],[-0.46,49.35],[-0.24,49.29],[-0.2,49.29],[0.03,49.33],[0.33,49.45],[0.09,49.51],[0.12,49.6],[0.19,49.68],[0.53,49.83],[0.87,49.91],[1.27,50.0],[1.42,50.11],[1.55,50.23],[1.53,50.58],[1.59,50.82],[1.82,50.93],[2.03,51.01],[2.44,51.05],[2.52,51.09],[2.62,50.89],[2.76,50.74],[2.88,50.68],[2.94,50.71],[3.12,50.81],[3.19,50.73],[3.28,50.52],[3.37,50.46],[3.6,50.47],[3.67,50.33],[3.79,50.34],[4.05,50.32],[4.22,50.24],[4.15,50.13],[4.19,50.05],[4.16,49.97],[4.28,49.91],[4.47,49.94],[4.67,49.96],[4.75,50.1],[4.87,50.13],[4.81,49.97],[4.88,49.88],[4.86,49.78],[5.1,49.76],[5.25,49.67],[5.42,49.58],[5.48,49.48],[5.79,49.56],[5.82,49.51],[6.11,49.48],[6.37,49.47],[6.43,49.45],[6.63,49.3],[6.78,49.18],[6.95,49.2],[6.97,49.14],[7.28,49.16],[7.32,49.19],[7.42,49.18],[7.47,49.1],[7.67,49.06],[7.89,49.07],[8.16,48.98],[7.73,48.62],[7.7,48.52],[7.68,48.36],[7.54,48.19],[7.5,48.06],[7.54,48.02],[7.45,47.71],[7.51,47.6],[7.33,47.46],[7.12,47.47],[7.12,47.51],[6.92,47.51],[6.82,47.38],[6.89,47.37],[6.94,47.33],[6.87,47.31],[6.63,47.09],[6.62,47.05],[6.36,46.95],[6.38,46.8],[6.06,46.62],[6.02,46.48],[6.05,46.42],[6.05,46.28],[5.94,46.18],[5.93,46.03],[5.86,46.03],[5.95,45.82],[5.9,45.74],[5.92,45.66],[5.91,45.51],[5.85,45.52],[5.82,45.4],[5.93,45.32],[5.95,45.26],[6.06,45.22],[6.03,45.33],[6.08,45.37],[6.14,45.32],[6.22,45.35],[6.27,45.32],[6.24,45.3],[6.28,45.2],[6.51,45.12],[6.67,44.95],[6.94,44.87],[7.0,44.72],[6.92,44.72],[6.78,44.55],[6.87,44.35],[6.79,44.3],[6.79,44.2],[6.84,44.11],[6.89,44.15],[6.94,44.14],[6.97,44.06],[7.0,44.05],[6.92,43.98],[6.96,43.91],[6.89,43.9],[6.92,43.82],[7.36,43.9],[7.4,43.76],[7.3,43.67],[6.92,43.45],[6.52,43.15],[6.33,43.11],[6.19,43.09],[5.83,43.02],[5.65,43.03],[5.43,43.1],[5.05,43.33],[4.91,43.37],[4.75,43.35],[4.65,43.32],[4.42,43.35],[4.08,43.49],[3.81,43.47],[3.48,43.31],[3.32,43.2],[3.07,42.94],[3.0,42.77],[3.05,42.54],[3.09,42.37],[2.94,42.41],[2.6,42.35],[2.58,42.29],[2.36,42.29],[2.17,42.38],[1.99,42.31],[1.88,42.31],[1.86,42.38],[1.71,42.42],[1.62,42.41],[1.45,42.38],[1.36,42.41],[1.35,42.54],[1.31,42.64],[0.74,42.77],[0.58,42.77],[0.59,42.63],[0.35,42.64],[0.2,42.61],[0.18,42.66],[-0.17,42.65],[-0.2,42.7],[-0.22,42.72],[-0.41,42.79],[-0.47,42.75],[-0.59,42.77],[-0.61,42.73],[-0.84,42.91],[-0.91,42.88],[-1.4,43.03],[-1.45,42.98],[-1.52,43.0],[-1.56,43.05],[-1.47,43.15],[-1.49,43.21],[-1.7,43.2],[-1.91,43.31],[-1.75,43.36],[-1.56,43.52]]],[[[9.43,42.79],[9.41,42.58],[9.46,42.56],[9.49,42.41],[9.45,42.05],[9.36,41.9],[9.3,41.58],[9.17,41.35],[9.04,41.37],[9.01,41.46],[8.83,41.49],[8.73,41.56],[8.85,41.65],[8.82,41.69],[8.63,41.73],[8.74,41.88],[8.69,41.91],[8.56,41.88],[8.54,41.95],[8.59,41.96],[8.67,42.03],[8.63,42.1],[8.51,42.13],[8.52,42.21],[8.63,42.26],[8.5,42.36],[8.61,42.49],[8.88,42.62],[9.0,42.63],[9.02,42.69],[9.15,42.71],[9.24,42.66],[9.28,42.73],[9.27,42.88],[9.3,42.98],[9.37,42.99],[9.41,42.91],[9.43,42.79]]]]}},{"type":"Feature","properties":{"NAME":"France"},"geometry":{"type":"MultiPolygon","coordinates":[[[[-60.86,14.4],[-60.89,14.47],[-60.98,14.47],[-61.01,14.47],[-61.03,14.47],[-61.17,14.69],[-61.23,14.81],[-61.23,14.82],[-61.23,14.83],[-61.21,14.85],[-61.2,14.86],[-61.17,14.88],[-61.17,14.88],[-61.16,14.88],[-61.14,14.88],[-61.1,14.86],[-61.09,14.86],[-61.04,14.83],[-61.03,14.83],[-60.94,14.74],[-60.94,14.73],[-60.91,14.65],[-60.85,14.59],[-60.83,14.57],[-60.82,14.48],[-60.82,14.47],[-60.82,14.46],[-60.83,14.44],[-60.83,14.43],[-60.84,14.42],[-60.86,14.4],[-60.86,14.4]]]]}},{"type":"Feature","properties":{"NAME":"United States of America"},"geometry":{"type":"MultiPolygon","coordinates":[[[[-72.28,41.12],[-72.29,41.12],[-72.29,41.12],[-72.29,41.12],[-72.39,41.08],[-72.62,40.92],[-72.62,40.92],[-72.62,40.91],[-72.62,40.91],[-72.61,40.91],[-72.58,40.91],[-72.5,40.9],[-72.48,40.9],[-72.44,40.92],[-72.44,40.92],[-72.43,40.92],[-72.43,40.93],[-72.4,40.96],[-72.35,41.0],[-72.26,41.02],[-72.14,41.04],[-72.11,41.01],[-72.11,41.0],[-72.1,41.0],[-72.05,41.02],[-72.03,41.03],[-72.02,41.03],[-72.01,41.04],[-72.0,41.05],[-72.0,41.05],[-71.92,41.08],[-71.92,41.08],[-71.87,41.08],[-71.87,41.08],[-71.86,41.07],[-71.86,41.07],[-71.86,41.06],[-72.08,40.98],[-72.35,40.89],[-72.45,40.86],[-72.54,40.83],[-72.67,40.79],[-72.7,40.79],[-72.82,40.77],[-72.87,40.76],[-72.89,40.77],[-72.89,40.77],[-73.0,40.75],[-73.02,40.75],[-73.02,40.75],[-73.1,40.73],[-73.14,40.72],[-73.44,40.67],[-73.56,40.65],[-73.65,40.62],[-73.59,40.61],[-73.59,40.6],[-73.58,40.6],[-73.58,40.6],[-73.58,40.6],[-73.62,40.59],[-73.65,40.59],[-73.8,40.59],[-73.85,40.58],[-73.91,40.56],[-73.93,40.56],[-73.93,40.57],[-73.93,40.57],[-73.86,40.58],[-73.83,40.6],[-73.79,40.61],[-73.77,40.61],[-73.77,40.62],[-73.77,40.62],[-73.77,40.63],[-73.77,40.63],[-73.77,40.64],[-73.77,40.64],[-73.81,40.66],[-73.83,40.66],[-73.84,40.66],[-73.85,40.66],[-73.87,40.65],[-73.9,40.64],[-73.89,40.62],[-73.88,40.61],[-73.88,40.61],[-73.87,40.61],[-73.88,40.6],[-73.88,40.6],[-73.89,40.6],[-73.94,40.59],[-73.95,40.58],[-74.0,40.58],[-74.01,40.58],[-74.03,40.63],[-74.04,40.64],[-74.03,40.65],[-74.03,40.65],[-74.03,40.66],[-74.01,40.68],[-74.0,40.69],[-74.0,40.7],[-73.98,40.71],[-73.97,40.72],[-73.94,40.77],[-73.92,40.79],[-73.91,40.79],[-73.84,40.8],[-73.73,40.85],[-73.62,40.91],[-73.61,40.91],[-73.59,40.92],[-73.49,40.93],[-73.35,40.93],[-73.23,40.91],[-73.21,40.91],[-73.19,40.92],[-73.16,40.93],[-73.15,40.94],[-73.14,40.95],[-73.14,40.95],[-73.15,40.96],[-73.04,40.97],[-72.89,40.97],[-72.78,40.97],[-72.77,40.96],[-72.75,40.96],[-72.65,40.98],[-72.63,40.98],[-72.62,40.99],[-72.61,40.99],[-72.58,41.02],[-72.53,41.05],[-72.45,41.09],[-72.35,41.14],[-72.29,41.16],[-72.25,41.16],[-72.24,41.16],[-72.24,41.16],[-72.24,41.15],[-72.25,41.13],[-72.26,41.13],[-72.28,41.12]]],[[[-74.23,40.54],[-74.18,40.63],[-74.18,40.64],[-74.18,40.64],[-74.17,40.64],[-74.08,40.65],[-74.07,40.65],[-74.07,40.65],[-74.06,40.64],[-74.06,40.62],[-74.05,40.62],[-74.05,40.6],[-74.06,40.6],[-74.11,40.56],[-74.12,40.55],[-74.15,40.54],[-74.22,40.51],[-74.21,40.51],[-74.19,40.49],[-73.95,40.45],[-74.15,39.77],[-74.29,39.57],[-74.41,39.61],[-74.39,39.5],[-74.41,39.42],[-74.52,39.35],[-74.73,39.13],[-74.86,38.99],[-74.94,38.98],[-74.97,39.03],[-74.89,39.17],[-74.94,39.25],[-75.13,39.25],[-75.33,39.4],[-75.4,39.42],[-75.55,39.67],[-75.41,39.78],[-75.34,39.89],[-75.46,39.84],[-75.62,39.67],[-75.4,39.29],[-75.39,39.13],[-75.21,38.87],[-75.09,38.84],[-75.04,38.5],[-75.09,38.39],[-75.16,38.29],[-75.21,38.29],[-75.43,37.99],[-75.61,37.63],[-75.59,37.61],[-75.65,37.55],[-75.7,37.61],[-75.87,37.28],[-75.86,37.22],[-75.96,37.21],[-76.02,37.33],[-75.87,37.71],[-75.78,37.84],[-75.67,37.9],[-75.64,38.0],[-75.68,38.03],[-75.85,37.98],[-75.75,38.15],[-75.85,38.13],[-75.93,38.17],[-75.92,38.26],[-75.81,38.28],[-75.85,38.43],[-76.04,38.29],[-76.15,38.38],[-76.22,38.36],[-76.33,38.54],[-76.17,38.62],[-76.01,38.64],[-76.01,38.67],[-76.28,38.81],[-76.32,38.73],[-76.35,38.73],[-76.31,38.88],[-76.27,38.89],[-76.17,38.82],[-76.11,38.84],[-76.16,38.95],[-76.31,38.98],[-76.34,39.03],[-76.3,39.08],[-76.15,39.07],[-76.06,39.2],[-76.19,39.17],[-76.26,39.2],[-76.15,39.37],[-75.86,39.44],[-76.01,39.46],[-75.94,39.65],[-76.07,39.6],[-76.11,39.55],[-76.06,39.51],[-76.2,39.42],[-76.22,39.52],[-76.26,39.5],[-76.24,39.4],[-76.27,39.36],[-76.3,39.43],[-76.34,39.46],[-76.39,39.28],[-76.59,39.31],[-76.41,39.09],[-76.54,38.79],[-76.51,38.68],[-76.38,38.46],[-76.41,38.4],[-76.62,38.54],[-76.66,38.63],[-76.65,38.54],[-76.57,38.44],[-76.38,38.34],[-76.32,38.11],[-76.61,38.29],[-76.77,38.29],[-76.82,38.42],[-76.89,38.44],[-76.86,38.33],[-77.1,38.48],[-77.25,38.46],[-77.25,38.59],[-77.05,38.73],[-77.25,38.7],[-77.33,38.49],[-77.24,38.38],[-77.03,38.36],[-76.94,38.25],[-76.51,38.12],[-76.54,38.08],[-76.29,38.0],[-76.22,37.94],[-76.31,37.73],[-76.42,37.71],[-76.89,38.07],[-76.57,37.7],[-76.28,37.63],[-76.4,37.58],[-76.25,37.55],[-76.27,37.51],[-76.24,37.49],[-76.26,37.37],[-76.4,37.46],[-76.43,37.43],[-76.38,37.33],[-76.48,37.32],[-76.78,37.57],[-76.79,37.56],[-76.6,37.35],[-76.46,37.28],[-76.38,37.29],[-76.29,37.2],[-76.28,37.06],[-76.42,37.03],[-76.64,37.27],[-76.85,37.36],[-76.94,37.29],[-76.92,37.27],[-76.72,37.2],[-76.5,37.03],[-76.52,36.92],[-76.33,36.94],[-76.31,36.99],[-75.97,36.94],[-75.91,36.77],[-75.72,36.22],[-75.52,35.86],[-75.59,35.9],[-75.7,36.06],[-75.73,36.12],[-75.89,36.64],[-75.96,36.77],[-75.98,36.63],[-75.92,36.63],[-75.91,36.54],[-76.04,36.57],[-75.96,36.44],[-75.9,36.4],[-75.79,36.14],[-75.86,36.16],[-75.95,36.33],[-75.95,36.23],[-76.19,36.37],[-76.21,36.34],[-76.09,36.21],[-76.2,36.15],[-76.44,36.24],[-76.34,36.15],[-76.51,36.06],[-76.59,36.07],[-76.7,36.16],[-76.71,36.26],[-76.67,36.33],[-76.71,36.35],[-76.75,36.26],[-76.73,36.16],[-76.68,36.06],[-76.73,35.99],[-76.32,35.98],[-76.07,36.05],[-76.01,35.97],[-76.06,35.89],[-76.09,35.72],[-76.03,35.69],[-75.99,35.81],[-75.93,35.97],[-75.85,36.02],[-75.73,35.88],[-75.71,35.75],[-75.78,35.64],[-75.86,35.64],[-75.88,35.69],[-76.03,35.47],[-76.14,35.38],[-76.36,35.41],[-76.45,35.44],[-76.52,35.47],[-76.58,35.58],[-76.64,35.57],[-76.58,35.46],[-76.62,35.46],[-76.86,35.51],[-77.05,35.58],[-76.98,35.5],[-76.86,35.49],[-76.48,35.33],[-76.5,35.28],[-76.68,35.22],[-76.57,35.21],[-76.65,35.1],[-76.78,35.04],[-76.85,35.04],[-77.06,35.21],[-76.95,35.03],[-76.76,34.96],[-76.62,35.03],[-76.49,35.02],[-76.44,35.11],[-76.43,35.03],[-76.33,35.01],[-76.31,34.98],[-76.5,34.83],[-76.5,34.8],[-76.62,34.76],[-77.3,34.67],[-77.69,34.26],[-77.9,33.99],[-77.96,33.93],[-78.38,33.87],[-78.62,33.81],[-78.9,33.7],[-79.2,33.46],[-79.31,33.27],[-79.35,33.11],[-79.72,32.8],[-80.03,32.63],[-80.22,32.54],[-80.58,32.5],[-80.74,32.24],[-80.82,32.15],[-81.18,31.64],[-81.3,31.29],[-81.51,30.73],[-81.41,30.07],[-81.23,29.66],[-81.03,29.26],[-80.61,28.56],[-80.45,27.78],[-80.23,27.24],[-80.26,27.2],[-80.13,27.07],[-80.08,26.92],[-80.05,26.55],[-80.19,25.86],[-80.21,25.73],[-80.35,25.55],[-80.31,25.36],[-80.31,25.24],[-80.49,25.0],[-80.5,25.04],[-80.44,25.15],[-80.45,25.21],[-80.57,25.19],[-80.74,25.13],[-80.87,25.19],[-81.1,25.13],[-81.15,25.27],[-81.15,25.38],[-81.4,25.86],[-81.74,25.92],[-81.84,26.08],[-81.89,26.45],[-82.08,26.55],[-82.14,26.87],[-82.31,26.82],[-82.58,27.31],[-82.75,27.53],[-82.62,27.53],[-82.45,27.72],[-82.43,27.83],[-82.5,27.93],[-82.72,27.74],[-82.84,27.84],[-82.78,28.1],[-82.72,28.44],[-82.65,28.91],[-82.78,29.11],[-82.89,29.19],[-83.12,29.24],[-83.49,29.69],[-83.89,30.05],[-84.12,30.12],[-84.32,30.09],[-84.56,29.96],[-84.76,29.8],[-85.3,29.66],[-85.43,29.76],[-85.49,30.04],[-85.6,30.15],[-85.72,30.2],[-86.06,30.23],[-86.29,30.37],[-86.39,30.47],[-86.62,30.41],[-87.09,30.36],[-87.38,30.44],[-87.4,30.31],[-87.69,30.26],[-87.77,30.26],[-88.03,30.68],[-88.14,30.33],[-88.34,30.39],[-88.64,30.39],[-89.23,30.41],[-89.54,30.21],[-89.71,30.18],[-90,30.39],[-90,30.39],[-90,30.38],[-90,30.14],[-90,30.04],[-89.87,30.13],[-89.68,30.09],[-89.38,29.87],[-89.69,29.71],[-89.68,29.59],[-89.56,29.43],[-89.29,29.37],[-89.19,29.27],[-89.03,29.12],[-89.27,29.06],[-89.5,29.1],[-89.62,29.28],[-89.98,29.41],[-90,29.5],[-90,29.37],[-90,29.33],[-90,29.3],[-90,29.24],[-90,29.22],[-90,29.14],[-90,29.12],[-90,29.11],[-91.24,29.32],[-91.43,29.54],[-91.95,29.83],[-92.23,29.8],[-91.98,29.63],[-92.12,29.54],[-92.46,29.57],[-92.64,29.58],[-93.04,29.69],[-93.45,29.77],[-94.06,29.7],[-94.14,29.69],[-94.43,29.54],[-94.6,29.55],[-94.8,29.56],[-94.86,29.78],[-95.01,29.76],[-95.06,29.68],[-94.84,29.35],[-95.24,29.06],[-95.6,28.8],[-96.01,28.66],[-96.2,28.64],[-96.39,28.66],[-96.72,28.71],[-96.77,28.62],[-96.58,28.43],[-96.68,28.25],[-96.83,28.16],[-97.12,28.11],[-97.45,27.99],[-97.57,27.91],[-97.32,27.75],[-97.27,27.67],[-97.56,27.36],[-97.63,27.23],[-97.64,26.85],[-97.57,26.56],[-97.45,26.22],[-97.26,25.81],[-97.42,25.86],[-97.78,26.03],[-97.92,26.03],[-98.1,25.98],[-98.22,26.01],[-98.69,26.26],[-99.1,26.41],[-99.27,26.57],[-99.42,26.84],[-99.57,27.26],[-99.6,27.47],[-99.72,27.58],[-100.02,27.84],[-100.4,28.31],[-100.74,28.86],[-101.03,29.33],[-101.2,29.49],[-101.38,29.6],[-101.73,29.75],[-101.95,29.79],[-102.24,29.78],[-102.45,29.69],[-102.71,29.44],[-102.89,29.26],[-103.02,29.09],[-103.21,29.02],[-103.43,29.03],[-103.59,29.06],[-104.08,29.28],[-104.57,29.58],[-104.77,29.83],[-104.92,30.21],[-105.05,30.51],[-105.13,30.61],[-105.44,30.84],[-105.82,31.07],[-106.17,31.35],[-106.45,31.65],[-106.54,31.7],[-107.4,31.72],[-108.23,31.72],[-108.28,31.32],[-108.37,31.28],[-109.21,31.27],[-109.65,31.29],[-110.34,31.3],[-111.09,31.31],[-111.24,31.33],[-112.82,31.83],[-114.09,32.25],[-114.62,32.43],[-114.74,32.5],[-114.88,32.64],[-115.96,32.6],[-117.02,32.53],[-117.17,32.52],[-117.19,32.56],[-117.28,32.72],[-117.3,32.75],[-117.32,32.74],[-117.33,32.71],[-117.35,32.75],[-117.35,33.05],[-117.5,33.33],[-117.71,33.53],[-118.01,33.73],[-118.24,33.82],[-118.29,33.84],[-118.35,33.83],[-118.35,33.79],[-118.39,33.78],[-118.44,33.79],[-118.5,33.86],[-118.47,33.89],[-118.5,33.98],[-118.6,34.1],[-118.73,34.11],[-118.87,34.07],[-119.29,34.22],[-119.42,34.37],[-119.61,34.48],[-119.78,34.46],[-120.2,34.53],[-120.53,34.51],[-120.58,34.59],[-120.69,34.62],[-120.71,34.7],[-120.67,34.75],[-120.74,34.98],[-120.68,35.19],[-120.78,35.23],[-120.84,35.23],[-120.95,35.29],[-120.95,35.33],[-120.91,35.38],[-120.93,35.47],[-121.08,35.56],[-121.2,35.69],[-121.39,35.79],[-121.56,36.07],[-121.65,36.1],[-121.74,36.24],[-121.93,36.34],[-122.0,36.58],[-122.0,36.68],[-121.92,36.68],[-121.85,36.75],[-121.84,36.9],[-121.93,37.01],[-122.02,37.03],[-122.12,37.01],[-122.25,37.07],[-122.49,37.3],[-122.46,37.4],[-122.5,37.54],[-122.56,37.57],[-122.58,37.77],[-122.55,37.84],[-122.5,37.85],[-122.45,37.82],[-122.42,37.79],[-122.46,37.74],[-122.39,37.65],[-122.26,37.6],[-122.21,37.54],[-122.12,37.54],[-122.29,37.79],[-122.37,37.85],[-122.38,37.96],[-122.47,38.01],[-122.49,38.16],[-122.55,38.16],[-122.55,38.1],[-122.53,37.9],[-122.57,37.89],[-122.71,37.98],[-122.76,37.96],[-122.99,38.14],[-123.05,38.3],[-123.22,38.53],[-123.46,38.7],[-123.74,38.97],[-123.8,39.03],[-123.74,39.08],[-123.89,39.41],[-123.82,39.61],[-123.93,39.82],[-124.03,39.98],[-124.36,40.33],[-124.41,40.47],[-124.37,40.75],[-124.25,41.03],[-124.18,41.19],[-124.15,41.58],[-124.25,41.93],[-124.31,42.05],[-124.56,42.6],[-124.63,43.01],[-124.59,43.14],[-124.48,43.25],[-124.3,43.34],[-124.14,43.67],[-124.3,43.92],[-124.33,44.07],[-124.23,44.45],[-124.14,44.79],[-124.07,45.05],[-124.04,45.33],[-124.0,45.68],[-123.99,45.76],[-124.06,45.84],[-124.03,45.94],[-124.07,46.02],[-124.0,46.05],[-124.02,46.13],[-124.04,46.22],[-124.05,46.26],[-124.05,46.29],[-123.91,46.25],[-123.82,46.26],[-123.79,46.3],[-123.88,46.3],[-124.16,46.35],[-124.13,46.67],[-124.18,46.82],[-124.17,46.94],[-123.91,47.04],[-124.06,47.05],[-124.13,47.11],[-124.19,47.11],[-124.21,47.09],[-124.19,47.04],[-124.25,47.02],[-124.31,47.46],[-124.73,48.12],[-124.73,48.33],[-124.68,48.39],[-124.43,48.35],[-124.15,48.25],[-123.79,48.2],[-123.5,48.19],[-123.26,48.21],[-123.07,48.17],[-122.83,48.02],[-122.81,47.83],[-123.0,47.64],[-123.18,47.49],[-122.94,47.42],[-122.86,47.34],[-122.75,47.26],[-122.74,47.36],[-122.66,47.47],[-122.49,47.61],[-122.39,47.87],[-122.35,48.08],[-122.37,48.27],[-122.53,48.7],[-122.61,48.83],[-122.9,49.07],[-122.81,49.06],[-121.65,49.06],[-121.05,49.05],[-118.99,49.06],[-117.22,49.06],[-115.92,49.06],[-115.16,49.06],[-112.86,49.07],[-112.53,49.06],[-110.67,49.05],[-110.18,49.07],[-108.46,49.06],[-108.07,49.06],[-106.44,49.06],[-104.26,49.06],[-103.99,49.06],[-102.67,49.05],[-101.71,49.06],[-100.46,49.04],[-99.15,49.05],[-98.2,49.05],[-97.59,49.05],[-96.34,49.04],[-95.13,49.05],[-94.82,49.05],[-94.99,49.32],[-95.05,49.47],[-94.83,49.49],[-94.42,49.15],[-94.3,48.98],[-94.09,48.78],[-93.71,48.57],[-93.48,48.61],[-92.84,48.52],[-92.83,48.43],[-92.71,48.44],[-92.56,48.22],[-92.48,48.33],[-92.26,48.33],[-92.15,48.2],[-91.94,48.17],[-91.91,48.08],[-91.68,48.04],[-91.42,48.1],[-91.33,48.13],[-91.14,48.21],[-90,48.25],[-90,48.12],[-90,48.11],[-90,48.09],[-90,48.07],[-90,48.04],[-90,47.97],[-89.87,47.99],[-89.62,47.97],[-89.82,47.9],[-90.46,47.71],[-91.15,47.37],[-91.9,46.89],[-92.27,46.65],[-92.26,46.65],[-92.24,46.65],[-92.22,46.65],[-92.2,46.66],[-92.19,46.69],[-92.17,46.69],[-92.15,46.68],[-92.14,46.68],[-92.16,46.7],[-92.17,46.71],[-92.16,46.71],[-92.16,46.71],[-92.15,46.7],[-92.13,46.71],[-92.11,46.73],[-92.02,46.73],[-91.87,46.71],[-91.56,46.76],[-91.09,46.9],[-90.83,46.94],[-90.78,46.91],[-90.8,46.81],[-90.9,46.66],[-90.88,46.6],[-90.75,46.64],[-90.72,46.68],[-90.77,46.71],[-90.7,46.69],[-90.53,46.6],[-90.28,46.62],[-89.95,46.75],[-89.7,46.82],[-89.51,46.84],[-89.31,46.88],[-89.09,46.96],[-88.84,47.09],[-88.56,47.28],[-88.3,47.4],[-88.06,47.45],[-87.88,47.46],[-87.77,47.42],[-87.77,47.4],[-87.9,47.39],[-88.02,47.34],[-88.16,47.25],[-88.28,47.14],[-88.39,47.03],[-88.46,46.92],[-88.48,46.81],[-88.41,46.81],[-88.23,46.91],[-88.18,46.93],[-88.25,46.86],[-88.28,46.82],[-88.27,46.83],[-88.25,46.85],[-88.22,46.88],[-88.18,46.9],[-88.11,46.91],[-88.02,46.91],[-87.88,46.9],[-87.76,46.86],[-87.65,46.81],[-87.53,46.71],[-87.42,46.57],[-87.27,46.51],[-87.09,46.53],[-86.91,46.5],[-86.73,46.44],[-86.52,46.48],[-86.28,46.61],[-85.99,46.67],[-85.67,46.67],[-85.37,46.7],[-85.1,46.75],[-84.98,46.7],[-85.01,46.56],[-84.89,46.48],[-84.74,46.47],[-84.72,46.45],[-84.44,46.46],[-84.36,46.4],[-84.28,46.27],[-83.87,46.18],[-83.82,46.15],[-83.83,46.14],[-83.86,46.15],[-83.9,46.13],[-83.93,46.09],[-83.93,46.04],[-83.91,45.99],[-83.93,45.96],[-83.97,45.95],[-84.13,45.95],[-84.39,45.96],[-84.56,45.99],[-84.63,46.03],[-84.69,45.98],[-84.75,45.85],[-84.63,45.75],[-84.36,45.67],[-84.18,45.6],[-84.12,45.53],[-83.93,45.46],[-83.64,45.39],[-83.43,45.27],[-83.32,45.11],[-83.26,45.02],[-83.26,45.02],[-83.28,45.03],[-83.32,45.04],[-83.35,45.05],[-83.37,45.07],[-83.4,45.06],[-83.44,45.02],[-83.42,44.97],[-83.35,44.91],[-83.3,44.84],[-83.28,44.76],[-83.29,44.62],[-83.32,44.43],[-83.39,44.31],[-83.49,44.27],[-83.55,44.2],[-83.57,44.1],[-83.65,44.03],[-83.78,44.0],[-83.87,43.92],[-83.92,43.78],[-83.87,43.68],[-83.74,43.62],[-83.59,43.67],[-83.41,43.82],[-83.34,43.9],[-83.38,43.91],[-83.29,43.95],[-83.07,44.03],[-82.92,44.06],[-82.84,44.03],[-82.75,43.96],[-82.66,43.84],[-82.56,43.58],[-82.46,43.2],[-82.35,43.02],[-82.3,43.03],[-82.42,42.81],[-82.54,42.61],[-82.72,42.48],[-83.04,42.24],[-83.06,42.15],[-83.06,42.03],[-83.13,42.05],[-83.19,42.06],[-83.18,42.03],[-83.2,42.01],[-83.26,42.0],[-83.28,41.98],[-83.26,41.96],[-83.28,41.94],[-83.34,41.92],[-83.39,41.86],[-83.45,41.75],[-83.44,41.7],[-83.37,41.7],[-83.24,41.66],[-83.03,41.56],[-82.91,41.53],[-82.86,41.57],[-82.84,41.57],[-82.85,41.54],[-82.82,41.53],[-82.75,41.53],[-82.8,41.52],[-82.97,41.47],[-83.03,41.44],[-82.97,41.43],[-82.91,41.43],[-82.84,41.46],[-82.73,41.45],[-82.57,41.4],[-82.37,41.41],[-82.13,41.48],[-81.95,41.51],[-81.81,41.49],[-81.63,41.56],[-81.4,41.7],[-81.04,41.84],[-80.57,41.97],[-80.07,42.15],[-79.56,42.39],[-79.2,42.57],[-78.98,42.7],[-78.87,42.8],[-78.89,42.87],[-78.95,42.89],[-79.05,42.85],[-79.05,42.85],[-79.07,42.97],[-79.14,43.18],[-79.14,43.22],[-78.82,43.31],[-78.5,43.36],[-78.24,43.37],[-78.02,43.37],[-77.85,43.35],[-77.7,43.3],[-77.58,43.22],[-77.52,43.19],[-77.53,43.22],[-77.49,43.25],[-77.39,43.27],[-77.24,43.27],[-77.03,43.24],[-76.94,43.24],[-76.96,43.26],[-76.94,43.28],[-76.86,43.27],[-76.72,43.33],[-76.52,43.46],[-76.37,43.52],[-76.27,43.53],[-76.21,43.56],[-76.17,43.63],[-76.19,43.7],[-76.26,43.79],[-76.29,43.85],[-76.27,43.87],[-76.25,43.87],[-76.22,43.86],[-76.17,43.89],[-76.09,43.97],[-76.05,44.01],[-76.06,44.01],[-76.09,44.0],[-76.14,43.97],[-76.17,43.96],[-76.19,43.97],[-76.18,43.99],[-76.13,44.03],[-76.13,44.05],[-76.18,44.07],[-76.22,44.05],[-76.26,43.99],[-76.3,44.0],[-76.35,44.07],[-76.28,44.14],[-76.1,44.22],[-76.02,44.29],[-76.02,44.34],[-76.13,44.33],[-76.13,44.33],[-75.46,44.64],[-75.22,44.78],[-74.78,45.01],[-73.99,45.02],[-72.86,45.0],[-72.03,45.0],[-71.53,44.96],[-71.46,45.13],[-71.29,45.32],[-71.11,45.35],[-70.59,45.29],[-70.08,45.95],[-69.56,46.95],[-69.33,47.23],[-69.05,47.46],[-68.93,47.43],[-68.7,47.26],[-68.53,47.23],[-68.34,47.31],[-68.0,47.29],[-67.78,47.16],[-67.7,47.04],[-67.56,45.77],[-67.59,45.67],[-67.32,45.56],[-67.22,45.56],[-67.2,45.5],[-67.27,45.46],[-67.26,45.35],[-67.34,45.31],[-67.27,45.18],[-67.19,45.25],[-67.03,45.03],[-67.15,44.9],[-67.02,44.92],[-66.94,44.88],[-67.17,44.71],[-67.4,44.67],[-67.53,44.72],[-67.54,44.61],[-67.6,44.58],[-67.63,44.63],[-67.74,44.66],[-67.86,44.6],[-67.91,44.48],[-67.98,44.48],[-68.05,44.41],[-68.13,44.57],[-68.47,44.44],[-68.56,44.48],[-68.5,44.3],[-68.8,44.39],[-68.71,44.61],[-68.78,44.63],[-68.95,44.39],[-69.09,44.14],[-69.25,43.99],[-69.39,44.09],[-69.51,43.9],[-69.66,43.93],[-69.61,44.07],[-69.75,43.96],[-69.68,43.88],[-69.83,43.75],[-69.97,43.81],[-69.92,43.91],[-70.22,43.8],[-70.19,43.64],[-70.31,43.62],[-70.38,43.45],[-70.54,43.4],[-70.69,43.1],[-70.87,42.87],[-70.79,42.81],[-70.76,42.71],[-70.68,42.69],[-70.65,42.72],[-70.57,42.72],[-70.63,42.65],[-70.87,42.6],[-70.85,42.56],[-71.02,42.43],[-71.05,42.36],[-70.9,42.35],[-70.78,42.3],[-70.51,41.99],[-70.48,41.81],[-70.3,41.76],[-69.99,41.87],[-70.0,41.95],[-70.06,41.96],[-70.18,42.09],[-70.22,42.11],[-70.23,42.14],[-70.14,42.14],[-70.03,42.08],[-69.94,41.91],[-69.92,41.72],[-70.64,41.59],[-70.66,41.77],[-70.71,41.8],[-70.76,41.69],[-70.83,41.68],[-70.85,41.63],[-70.9,41.68],[-70.97,41.56],[-71.04,41.54],[-71.17,41.53],[-71.19,41.68],[-71.1,41.83],[-71.3,41.77],[-71.37,41.84],[-71.41,41.72],[-71.45,41.43],[-72.09,41.37],[-72.85,41.29],[-73.39,41.14],[-73.74,40.98],[-73.78,40.88],[-73.93,40.86],[-73.99,40.78],[-74.01,40.8],[-73.87,41.14],[-73.86,41.19],[-73.89,41.17],[-74.07,40.73],[-74.11,40.76],[-74.29,40.63],[-74.23,40.54],[-74.23,40.54]],[[-87.61,41.88],[-87.55,41.77],[-87.48,41.69],[-87.38,41.63],[-87.22,41.63],[-87.03,41.69],[-86.84,41.77],[-86.67,41.87],[-86.52,42.04],[-86.37,42.25],[-86.28,42.44],[-86.23,42.62],[-86.22,42.8],[-86.24,42.99],[-86.33,43.22],[-86.47,43.5],[-86.51,43.68],[-86.46,43.78],[-86.45,43.88],[-86.49,44.0],[-86.45,44.13],[-86.33,44.27],[-86.26,44.43],[-86.26,44.61],[-86.21,44.7],[-86.13,44.73],[-86.08,44.78],[-86.07,44.87],[-86.0,44.92],[-85.87,44.94],[-85.74,45.01],[-85.61,45.15],[-85.54,45.21],[-85.54,45.21],[-85.54,45.2],[-85.53,45.19],[-85.53,45.17],[-85.55,45.15],[-85.57,45.13],[-85.6,45.13],[-85.6,45.11],[-85.58,45.07],[-85.59,45.0],[-85.63,44.9],[-85.64,44.83],[-85.61,44.79],[-85.56,44.82],[-85.5,44.94],[-85.5,44.93],[-85.55,44.82],[-85.56,44.76],[-85.54,44.75],[-85.49,44.8],[-85.42,44.9],[-85.38,45.03],[-85.37,45.2],[-85.25,45.31],[-85.03,45.37],[-84.95,45.41],[-85.03,45.44],[-85.08,45.48],[-85.1,45.55],[-85.07,45.61],[-84.99,45.68],[-84.96,45.72],[-85.0,45.75],[-84.96,45.76],[-84.85,45.75],[-84.78,45.77],[-84.76,45.82],[-84.82,45.88],[-84.95,45.97],[-85.14,46.03],[-85.38,46.07],[-85.55,46.06],[-85.64,45.99],[-85.84,45.95],[-86.13,45.95],[-86.3,45.91],[-86.33,45.83],[-86.41,45.77],[-86.52,45.73],[-86.59,45.68],[-86.61,45.63],[-86.64,45.62],[-86.69,45.66],[-86.68,45.7],[-86.6,45.75],[-86.55,45.8],[-86.54,45.86],[-86.6,45.88],[-86.72,45.87],[-86.8,45.83],[-86.82,45.76],[-86.87,45.71],[-86.94,45.68],[-86.97,45.73],[-86.97,45.85],[-87.0,45.86],[-87.04,45.76],[-87.19,45.57],[-87.46,45.29],[-87.61,45.11],[-87.62,45.02],[-87.68,44.97],[-87.79,44.94],[-87.88,44.88],[-87.95,44.77],[-87.99,44.67],[-88.0,44.58],[-87.94,44.56],[-87.82,44.62],[-87.72,44.7],[-87.63,44.8],[-87.54,44.86],[-87.47,44.88],[-87.4,44.87],[-87.34,44.82],[-87.37,44.68],[-87.49,44.44],[-87.54,44.29],[-87.52,44.23],[-87.56,44.13],[-87.67,44.0],[-87.71,43.88],[-87.71,43.75],[-87.76,43.58],[-87.86,43.36],[-87.91,43.19],[-87.9,43.08],[-87.86,42.96],[-87.79,42.84],[-87.78,42.66],[-87.81,42.42],[-87.78,42.2],[-87.68,42.02],[-87.61,41.88]]],[[[-168.55,53.38],[-168.51,53.43],[-168.36,53.55],[-168.22,53.59],[-167.96,53.49],[-167.87,53.32],[-168.04,53.31],[-168.37,53.24],[-168.51,53.3],[-168.55,53.38]]],[[[-166.77,54.0],[-166.58,53.96],[-166.38,53.85],[-166.49,53.73],[-166.61,53.71],[-166.64,53.57],[-166.74,53.53],[-166.93,53.46],[-167.0,53.73],[-167.15,53.94],[-166.77,54.0]]],[[[-132.18,55.28],[-132.17,54.85],[-133.02,55.37],[-133.27,55.62],[-133.27,55.83],[-133.52,56.21],[-133.49,56.26],[-133.28,56.23],[-133.16,56.12],[-132.63,55.9],[-132.59,55.81],[-132.62,55.75],[-132.69,55.65],[-132.55,55.45],[-132.18,55.28]]],[[[-134.95,56.45],[-135.2,56.82],[-135.47,57.23],[-135.48,57.33],[-135.44,57.43],[-135.26,57.41],[-135.0,57.33],[-134.82,56.92],[-134.76,56.79],[-134.8,56.67],[-134.95,56.45]]],[[[-163.57,55.02],[-163.36,54.92],[-163.21,54.74],[-163.32,54.7],[-163.57,54.63],[-164.07,54.66],[-164.25,54.6],[-164.43,54.4],[-164.56,54.33],[-164.95,54.43],[-165.01,54.53],[-164.79,54.69],[-164.56,54.83],[-164.13,54.91],[-163.74,55.06],[-163.57,55.02]]],[[[-162.75,55.06],[-162.8,55.0],[-162.97,54.95],[-163.2,55.04],[-163.26,55.17],[-163.09,55.27],[-162.79,55.15],[-162.75,55.06]]],[[[-160.39,55.56],[-160.53,55.54],[-160.87,55.57],[-161.09,55.56],[-161.58,55.48],[-161.7,55.38],[-162.22,55.13],[-162.55,55.15],[-162.59,55.25],[-162.58,55.39],[-162.22,55.5],[-162.08,55.59],[-161.81,55.78],[-161.61,55.84],[-161.32,55.88],[-160.68,55.76],[-160.36,55.66],[-160.39,55.56]]],[[[-170.97,63.65],[-170.72,63.69],[-170.48,63.69],[-170.11,63.56],[-169.33,63.4],[-169.14,63.29],[-169.12,63.24],[-169.38,63.25],[-169.67,63.24],[-169.9,63.08],[-170.63,63.37],[-170.97,63.46],[-171.32,63.49],[-171.73,63.46],[-171.86,63.5],[-172.05,63.6],[-171.97,63.73],[-171.74,63.75],[-171.23,63.65],[-170.97,63.65]]],[[[-154.34,57.49],[-154.19,57.63],[-153.87,57.47],[-153.73,57.43],[-153.52,57.54],[-153.42,57.64],[-153.4,57.8],[-153.18,57.83],[-152.68,57.76],[-152.44,57.61],[-152.38,57.52],[-152.72,57.49],[-152.91,57.49],[-153.18,57.41],[-153.23,57.37],[-153.27,57.26],[-153.49,57.05],[-153.67,56.97],[-153.88,56.94],[-154.16,56.98],[-154.59,57.14],[-154.66,57.23],[-154.59,57.36],[-154.34,57.49]]],[[[-136.42,58.11],[-136.3,58.18],[-136.02,58.21],[-135.67,58.04],[-135.32,58.09],[-135.11,57.67],[-135.15,57.6],[-135.54,57.72],[-135.82,57.76],[-135.79,57.56],[-135.82,57.45],[-136.24,57.73],[-136.6,57.9],[-136.42,58.11]]],[[[-130.7,55.47],[-130.89,55.77],[-131.1,55.91],[-131.19,56.03],[-131.77,56.01],[-131.96,55.97],[-132.03,55.89],[-132.26,55.85],[-132.26,55.94],[-132.28,56.13],[-132.18,56.25],[-132.1,56.35],[-132.27,56.51],[-132.56,56.7],[-132.87,57.02],[-133.2,57.16],[-133.4,57.22],[-133.34,57.38],[-133.6,57.64],[-133.64,57.74],[-133.47,57.84],[-133.5,57.9],[-133.64,57.97],[-133.84,58.0],[-134.02,58.12],[-134.12,58.24],[-134.38,58.38],[-134.83,58.56],[-135.05,58.91],[-135.14,59.17],[-135.31,59.35],[-135.47,59.34],[-135.51,58.97],[-135.33,58.58],[-135.28,58.44],[-135.3,58.37],[-135.62,58.44],[-135.74,58.47],[-135.97,58.7],[-136.15,58.9],[-136.39,58.84],[-136.94,58.94],[-136.37,58.62],[-136.36,58.52],[-137.09,58.45],[-137.58,58.6],[-138.2,59.03],[-138.45,59.16],[-138.74,59.18],[-138.78,59.18],[-139.2,59.28],[-139.79,59.52],[-139.37,59.63],[-139.31,59.71],[-139.4,59.83],[-139.57,59.9],[-139.93,59.83],[-140.13,59.77],[-140.43,59.76],[-140.9,59.79],[-141.39,59.9],[-141.37,60.01],[-141.44,60.09],[-141.59,60.14],[-141.75,60.13],[-141.96,60.04],[-142.42,60.02],[-143.08,60.07],[-144.05,60.05],[-144.41,60.09],[-144.52,60.14],[-144.81,60.32],[-145.0,60.55],[-145.14,60.45],[-145.49,60.38],[-145.89,60.52],[-146.0,60.66],[-146.19,60.73],[-146.58,60.84],[-147.27,60.94],[-147.64,61.05],[-147.94,61.21],[-148.19,61.1],[-148.49,61.06],[-148.47,60.87],[-148.55,60.84],[-148.73,60.73],[-148.84,60.55],[-148.34,60.41],[-148.26,60.28],[-148.3,60.11],[-148.49,59.9],[-148.7,59.9],[-149.06,60.0],[-149.33,60.03],[-149.58,59.99],[-150.02,59.71],[-150.5,59.62],[-150.92,59.41],[-151.39,59.21],[-151.88,59.16],[-151.8,59.3],[-151.77,59.36],[-151.45,59.54],[-151.49,59.71],[-151.78,59.95],[-151.78,59.99],[-151.42,60.25],[-151.23,60.47],[-151.16,60.66],[-150.83,60.8],[-150.44,60.91],[-149.91,60.91],[-149.42,60.86],[-149.32,60.93],[-149.87,61.14],[-150.31,61.31],[-150.78,61.29],[-150.88,61.19],[-151.08,61.15],[-151.34,60.95],[-151.73,60.78],[-152.19,60.66],[-152.56,60.38],[-152.74,60.34],[-152.88,60.28],[-152.82,60.13],[-152.9,59.9],[-153.15,59.74],[-153.41,59.71],[-153.71,59.64],[-153.98,59.52],[-154.28,59.25],[-154.3,59.12],[-154.13,59.04],[-153.96,59.03],[-153.66,58.98],[-153.45,58.88],[-153.49,58.79],[-153.68,58.64],[-153.96,58.55],[-154.21,58.43],[-154.4,58.25],[-154.65,58.08],[-154.95,58.03],[-155.6,57.9],[-155.9,57.72],[-156.37,57.57],[-156.68,57.4],[-156.45,57.18],[-156.5,57.1],[-156.99,56.91],[-157.4,56.85],[-157.75,56.77],[-157.98,56.65],[-158.53,56.45],[-158.61,56.37],[-158.74,56.19],[-159.08,55.99],[-159.61,55.89],[-160.17,55.81],[-160.61,55.96],[-160.61,56.04],[-160.46,56.2],[-160.11,56.32],[-159.98,56.42],[-159.78,56.58],[-159.25,56.78],[-158.62,56.75],[-158.67,56.84],[-158.66,57.08],[-158.45,57.21],[-158.12,57.34],[-157.79,57.51],[-157.67,57.6],[-157.66,57.93],[-157.55,58.27],[-157.24,58.49],[-157.15,58.67],[-157.14,58.86],[-157.42,58.8],[-157.99,58.72],[-158.29,58.73],[-158.52,59.0],[-158.64,58.97],[-158.91,58.87],[-158.97,58.77],[-158.87,58.61],[-158.86,58.45],[-158.93,58.43],[-159.11,58.49],[-159.37,58.63],[-159.58,58.81],[-159.81,58.94],[-160.07,58.95],[-160.43,59.0],[-160.84,58.96],[-160.83,58.9],[-161.12,58.75],[-161.65,58.68],[-161.94,58.72],[-161.97,58.78],[-162.0,58.83],[-162.06,59.29],[-161.93,59.52],[-161.99,59.71],[-162.38,60.16],[-163.02,59.97],[-163.35,59.93],[-163.54,59.84],[-164.03,59.8],[-164.21,59.9],[-164.38,60.06],[-164.59,60.21],[-165.05,60.42],[-165.13,60.54],[-165.0,60.62],[-164.84,60.82],[-164.53,60.75],[-163.94,60.61],[-163.63,60.6],[-163.52,60.71],[-163.69,60.92],[-163.89,61.04],[-164.06,61.04],[-164.3,60.94],[-164.54,60.95],[-165.14,61.18],[-165.42,61.26],[-165.51,61.26],[-165.9,61.27],[-165.91,61.31],[-166.19,61.75],[-165.83,61.83],[-165.8,62.04],[-165.58,62.14],[-165.53,62.27],[-165.43,62.43],[-165.03,62.65],[-164.88,62.82],[-164.7,62.96],[-164.47,63.17],[-164.29,63.25],[-163.97,63.2],[-163.53,63.08],[-163.31,63.04],[-162.97,63.1],[-162.78,63.22],[-162.47,63.41],[-161.91,63.53],[-161.56,63.54],[-161.13,63.56],[-160.97,63.64],[-160.89,63.86],[-161.01,64.16],[-161.37,64.47],[-161.36,64.51],[-160.94,64.52],[-160.79,64.64],[-160.9,64.81],[-161.13,64.93],[-161.29,64.96],[-162.14,64.79],[-162.56,64.6],[-162.8,64.47],[-163.03,64.44],[-163.88,64.59],[-164.27,64.6],[-164.6,64.62],[-165.17,64.55],[-165.74,64.56],[-166.35,64.64],[-166.59,64.73],[-166.67,65.08],[-166.6,65.15],[-166.32,65.17],[-165.86,65.17],[-165.66,65.25],[-166.14,65.35],[-167.0,65.49],[-167.6,65.6],[-168.18,65.69],[-168.08,65.75],[-167.73,65.86],[-167.02,65.96],[-166.43,66.11],[-166.0,66.2],[-165.52,66.37],[-165.09,66.47],[-164.46,66.6],[-163.78,66.54],[-163.85,66.3],[-163.84,66.18],[-163.37,66.11],[-162.76,66.06],[-162.28,66.07],[-161.98,66.12],[-161.63,66.23],[-161.38,66.36],[-161.26,66.4],[-160.92,66.37],[-160.58,66.32],[-160.13,66.34],[-160.04,66.49],[-160.03,66.57],[-160.34,66.6],[-161.22,66.73],[-161.8,66.75],[-161.94,67.09],[-162.6,67.16],[-163.03,67.18],[-163.74,67.22],[-163.83,67.45],[-164.04,67.59],[-164.51,67.8],[-164.74,67.86],[-165.94,68.16],[-166.84,68.41],[-166.7,68.48],[-166.34,68.66],[-166.3,68.88],[-165.34,68.9],[-164.89,68.93],[-164.07,69.06],[-163.71,69.22],[-163.51,69.5],[-163.16,69.76],[-162.88,70.0],[-162.51,70.18],[-162.18,70.28],[-161.7,70.33],[-161.19,70.44],[-160.72,70.46],[-159.9,70.43],[-159.84,70.51],[-159.91,70.6],[-160.25,70.77],[-160.24,70.86],[-159.37,70.9],[-158.86,70.88],[-158.42,70.91],[-157.81,70.97],[-157.32,71.16],[-156.9,71.35],[-156.47,71.35],[-156.35,71.33],[-156.04,71.22],[-155.97,71.15],[-156.15,71.08],[-156.14,70.93],[-155.67,70.87],[-155.47,70.85],[-155.23,70.98],[-155.1,71.08],[-154.46,70.99],[-153.77,70.97],[-153.29,70.95],[-152.97,70.93],[-152.65,70.82],[-152.49,70.7],[-152.14,70.53],[-151.92,70.5],[-151.73,70.53],[-151.14,70.48],[-150.64,70.48],[-149.94,70.5],[-149.29,70.54],[-148.74,70.49],[-148.12,70.38],[-147.72,70.33],[-146.18,70.27],[-145.61,70.19],[-145.27,70.12],[-144.36,70.13],[-143.31,70.2],[-142.8,70.09],[-141.7,69.73],[-141.16,69.6],[-141.06,69.6],[-141.01,69.38],[-141.01,68.09],[-141.0,67.08],[-140.97,66.03],[-140.92,64.77],[-140.93,63.79],[-140.95,61.84],[-140.94,60.86],[-140.89,60.39],[-140.81,60.26],[-140.43,60.23],[-139.34,60.28],[-139.01,60.26],[-138.86,60.08],[-138.78,59.91],[-138.62,59.78],[-137.65,59.19],[-137.22,58.88],[-137.12,59.03],[-136.73,59.12],[-136.18,59.42],[-135.85,59.65],[-135.63,59.7],[-135.26,59.67],[-135.12,59.58],[-134.95,59.36],[-134.79,59.21],[-133.87,58.69],[-133.5,58.42],[-132.71,57.63],[-131.96,56.78],[-131.72,56.61],[-131.64,56.59],[-131.2,56.45],[-130.29,56.11],[-130.11,55.99],[-130.18,55.64],[-130.0,55.29],[-130.07,55.1],[-130.27,55.07],[-130.41,55.02],[-130.55,54.91],[-130.69,54.97],[-130.77,55.07],[-130.73,55.27],[-130.7,55.47]]]]}},{"type":"Feature","properties":{"NAME":"Sweden\u2013Norway"},"geometry":{"type":"MultiPolygon","coordinates":[[[[18.15,56.91],[18.14,56.91],[18.14,56.92],[18.16,56.94],[18.21,56.99],[18.26,57.03],[18.25,57.08],[18.17,57.14],[18.15,57.24],[18.16,57.32],[18.14,57.41],[18.12,57.48],[18.11,57.5],[18.11,57.51],[18.11,57.52],[18.12,57.53],[18.14,57.55],[18.18,57.59],[18.19,57.6],[18.21,57.61],[18.23,57.61],[18.24,57.62],[18.25,57.62],[18.28,57.63],[18.29,57.65],[18.34,57.68],[18.36,57.7],[18.38,57.72],[18.4,57.74],[18.42,57.76],[18.46,57.8],[18.46,57.81],[18.47,57.81],[18.48,57.82],[18.68,57.91],[18.69,57.92],[18.72,57.92],[18.72,57.92],[18.88,57.92],[18.9,57.92],[18.91,57.92],[19.0,57.91],[19.01,57.9],[19.0,57.9],[19.03,57.83],[18.93,57.74],[18.85,57.72],[18.81,57.7],[18.79,57.66],[18.76,57.51],[18.77,57.47],[18.77,57.47],[18.79,57.45],[18.71,57.25],[18.71,57.24],[18.66,57.22],[18.55,57.18],[18.51,57.17],[18.5,57.17],[18.46,57.16],[18.44,57.15],[18.42,57.14],[18.4,57.13],[18.39,57.13],[18.39,57.12],[18.35,57.08],[18.34,57.07],[18.34,57.07],[18.34,57.02],[18.34,57.02],[18.34,57.01],[18.35,57.0],[18.3,56.94],[18.29,56.93],[18.22,56.91],[18.21,56.91],[18.17,56.91],[18.15,56.91]]],[[[20.34,79.8],[19.56,79.77],[19.22,79.74],[18.33,79.88],[18.7,80.09],[19.07,80.16],[19.4,80.37],[19.92,80.63],[20.52,80.32],[20.97,80.27],[21.48,80.31],[21.88,80.28],[22.2,80.12],[22.59,80.27],[22.83,80.47],[23.22,80.61],[23.08,80.24],[23.12,80.1],[23.5,80.1],[23.94,80.32],[24.42,80.44],[24.78,80.38],[25.03,80.17],[25.35,80.15],[26.25,80.2],[26.95,80.11],[27.2,79.94],[26.97,79.85],[26.07,79.57],[25.34,79.4],[24.86,79.38],[24.42,79.31],[23.82,79.15],[21.0,79.19],[20.98,79.36],[21.65,79.48],[21.97,79.78],[21.25,79.79],[20.34,79.8]]],[[[13.4,79.43],[14.16,79.36],[14.26,79.53],[14.32,79.72],[14.57,79.79],[14.81,79.8],[15.24,79.59],[15.77,79.24],[16.13,79.14],[16.39,79.23],[16.29,79.37],[16.08,79.53],[15.94,79.74],[15.92,79.84],[16.33,80.03],[16.78,79.98],[17.0,79.9],[17.57,79.89],[17.83,79.81],[17.8,79.62],[17.72,79.49],[17.77,79.42],[18.02,79.36],[18.35,79.51],[18.55,79.56],[18.85,79.38],[19.15,79.23],[19.5,79.16],[19.93,79.11],[20.68,78.91],[20.91,78.81],[20.32,78.68],[19.43,78.59],[19.12,78.45],[18.79,77.94],[18.39,77.54],[17.83,77.49],[17.48,77.25],[17.28,76.98],[17.27,76.81],[16.91,76.72],[16.66,76.73],[15.95,76.89],[15.1,77.12],[14.48,77.37],[14.78,77.53],[15.48,77.55],[16.29,77.62],[16.71,77.79],[16.42,77.9],[15.6,77.84],[14.89,77.79],[14.13,77.77],[13.91,78.0],[14.34,78.03],[14.95,78.12],[15.92,78.26],[16.62,78.47],[15.48,78.65],[15.08,78.78],[14.82,78.72],[14.35,78.43],[13.87,78.3],[13.62,78.27],[13.06,78.35],[12.91,78.43],[12.44,78.59],[12.07,78.7],[11.76,78.88],[12.52,79.06],[12.16,79.32],[11.55,79.17],[11.34,79.21],[10.92,79.55],[11.28,79.71],[11.52,79.72],[12.0,79.77],[12.46,79.75],[12.72,79.78],[13.25,79.8],[13.28,79.49],[13.4,79.43]]],[[[10.83,59.11],[10.77,59.12],[10.66,59.22],[10.55,59.38],[10.63,59.45],[10.57,59.58],[10.41,59.5],[10.38,59.37],[10.43,59.26],[10.36,59.21],[10.21,59.07],[10.17,58.99],[9.94,58.94],[9.7,59.0],[9.35,58.85],[9.37,58.79],[9.15,58.66],[8.92,58.54],[8.18,58.17],[8.15,58.09],[8.03,58.07],[7.91,58.07],[6.96,57.97],[6.87,58.08],[6.73,58.14],[6.64,58.04],[6.48,58.09],[6.65,58.17],[6.23,58.28],[5.87,58.43],[5.62,58.46],[5.4,58.72],[5.53,58.88],[5.47,58.98],[5.63,58.96],[5.67,58.82],[5.79,58.92],[6.09,58.8],[5.98,58.89],[6.04,58.95],[6.27,58.99],[6.05,58.98],[5.94,58.93],[5.82,59.02],[5.77,59.08],[6.03,59.2],[6.24,59.28],[6.02,59.25],[5.88,59.31],[6.08,59.42],[6.11,59.53],[5.82,59.31],[5.8,59.43],[5.68,59.51],[5.68,59.41],[5.72,59.34],[5.53,59.27],[5.34,59.27],[5.35,59.39],[5.28,59.27],[5.18,59.31],[5.09,59.51],[5.38,59.71],[5.42,59.52],[5.45,59.66],[5.65,59.59],[5.74,59.63],[5.67,59.68],[5.97,59.71],[6.19,59.82],[5.91,59.75],[5.69,59.75],[5.54,59.82],[5.63,59.88],[5.81,59.95],[5.89,60.16],[5.52,60.17],[5.28,60.13],[5.1,60.26],[5.26,60.33],[5.55,60.51],[5.46,60.59],[5.26,60.56],[5.08,60.59],[4.98,60.69],[5.11,60.91],[5.39,61.03],[5.12,61.14],[5.02,61.31],[5.14,61.39],[5.1,61.7],[5.15,61.74],[5.42,61.77],[5.59,61.79],[5.8,61.77],[5.83,61.82],[5.72,61.88],[5.53,61.93],[5.43,62.01],[5.47,62.09],[5.56,62.15],[5.82,62.18],[6.05,62.33],[6.31,62.29],[6.53,62.34],[6.61,62.58],[6.99,62.54],[7.29,62.49],[7.55,62.6],[7.1,62.7],[6.98,62.85],[7.09,62.91],[7.61,62.9],[7.99,62.94],[8.23,62.84],[8.26,63.05],[8.47,63.18],[8.61,63.33],[8.96,63.4],[9.15,63.32],[9.22,63.28],[9.44,63.5],[9.83,63.68],[9.87,63.88],[10.07,64.06],[10.74,64.39],[10.89,64.47],[11.0,64.49],[11.21,64.42],[11.36,64.42],[11.51,64.52],[11.41,64.62],[11.47,64.67],[11.69,64.78],[11.9,64.91],[12.11,65.13],[12.22,65.1],[12.53,65.11],[12.5,65.38],[12.28,65.43],[12.48,65.62],[12.71,65.91],[13.09,65.88],[13.11,66.03],[13.15,66.14],[13.58,66.19],[13.4,66.35],[13.26,66.39],[13.17,66.46],[13.24,66.57],[13.38,66.68],[13.59,66.66],[13.99,66.69],[13.75,66.92],[13.86,66.96],[14.05,66.97],[14.37,67.09],[14.64,67.12],[14.78,67.22],[14.62,67.25],[14.57,67.33],[14.7,67.37],[14.98,67.52],[15.23,67.51],[15.38,67.46],[15.58,67.58],[15.75,67.6],[15.76,67.68],[15.57,67.82],[15.85,67.93],[15.92,68.05],[16.07,68.04],[16.23,67.91],[16.41,67.87],[16.65,68.05],[16.52,68.34],[16.72,68.31],[17.03,68.34],[17.13,68.42],[16.85,68.56],[17.04,68.66],[17.41,68.77],[17.45,68.89],[17.57,68.97],[17.89,69.04],[17.93,69.01],[18.05,69.03],[18.1,69.06],[18.32,69.36],[18.55,69.25],[18.98,69.32],[19.17,69.26],[19.29,69.21],[19.58,69.18],[19.82,69.37],[20.16,69.75],[20.29,69.79],[20.36,69.71],[20.28,69.58],[20.2,69.32],[20.55,69.52],[20.73,69.78],[21.1,69.82],[21.41,70.02],[21.61,69.96],[21.91,69.8],[22.16,70.09],[22.31,70.22],[22.75,70.17],[23.2,69.94],[23.29,70.01],[23.51,70.28],[23.83,70.48],[23.95,70.5],[24.21,70.47],[24.36,70.61],[24.57,70.74],[24.85,70.83],[25.39,70.9],[25.83,70.9],[25.23,70.56],[25.12,70.44],[25.07,70.14],[25.26,70.11],[25.57,70.37],[26.26,70.79],[26.61,70.91],[26.62,70.8],[26.62,70.39],[26.93,70.47],[27.13,70.58],[27.52,70.97],[27.95,71.02],[28.21,71.02],[28.31,70.95],[28.14,70.83],[27.99,70.72],[28.02,70.61],[27.88,70.43],[28.29,70.37],[28.39,70.57],[28.79,70.86],[28.98,70.86],[29.74,70.6],[30.04,70.54],[30.46,70.54],[30.75,70.43],[30.8,70.31],[30.25,70.13],[29.73,70.11],[28.73,70.14],[28.82,70.1],[29.08,69.96],[29.56,69.83],[29.73,69.7],[30.06,69.72],[30.36,69.77],[30.74,69.75],[31.05,69.64],[30.87,69.51],[30.64,69.42],[30.27,69.41],[29.92,69.35],[29.46,69.13],[29.01,68.83],[28.7,68.7],[28.7,68.79],[28.74,68.95],[29.13,69.37],[29.11,69.49],[28.72,69.64],[28.41,69.69],[27.91,69.89],[27.66,69.89],[27.41,69.85],[26.51,69.81],[26.12,69.64],[25.86,69.45],[25.75,69.26],[25.71,69.03],[25.63,68.81],[25.06,68.59],[24.8,68.43],[24.66,68.5],[24.08,68.72],[23.34,68.62],[22.7,68.63],[22.46,68.69],[22.07,68.96],[21.63,69.24],[21.41,69.27],[21.25,69.23],[20.79,68.93],[20.86,68.92],[21.13,68.71],[21.71,68.41],[22.2,68.28],[22.91,68.19],[23.14,68.09],[23.49,67.83],[23.46,67.65],[23.46,67.41],[23.69,67.13],[23.87,66.82],[23.88,66.64],[23.66,66.28],[23.75,66.04],[23.9,65.9],[23.95,65.8],[23.84,65.8],[23.41,65.72],[23.2,65.68],[22.8,65.85],[22.65,65.93],[22.49,65.88],[22.2,65.72],[21.96,65.45],[21.82,65.38],[21.52,65.37],[21.28,65.21],[21.42,65.1],[21.49,65.02],[21.33,64.89],[20.92,64.71],[21.06,64.59],[21.24,64.52],[21.39,64.38],[21.05,64.22],[20.87,64.03],[20.7,63.82],[19.98,63.52],[19.67,63.39],[19.47,63.48],[19.32,63.44],[19.08,63.2],[18.78,63.14],[18.49,62.98],[18.39,62.85],[18.3,62.79],[17.97,62.77],[17.87,62.79],[17.94,62.55],[17.72,62.36],[17.29,62.44],[17.39,62.2],[17.5,62.09],[17.39,61.66],[17.16,61.63],[17.07,61.54],[17.15,61.2],[17.15,60.95],[17.32,60.75],[17.19,60.67],[17.6,60.64],[17.71,60.55],[17.93,60.59],[18.22,60.32],[18.42,60.18],[18.8,60.11],[18.89,59.93],[19.04,59.86],[19.04,59.71],[18.87,59.71],[18.64,59.57],[18.25,59.43],[18.03,59.36],[17.8,59.36],[17.73,59.42],[17.37,59.47],[17.07,59.55],[16.79,59.58],[16.72,59.53],[16.52,59.58],[16.41,59.45],[16.78,59.48],[17.0,59.36],[17.27,59.34],[17.36,59.25],[17.57,59.21],[17.58,59.27],[17.86,59.24],[17.98,59.33],[18.11,59.32],[18.33,59.37],[18.43,59.33],[18.44,59.4],[18.52,59.4],[18.61,59.33],[18.6,59.3],[18.27,59.29],[18.37,59.16],[18.02,59.04],[17.94,58.91],[17.77,58.87],[17.73,58.91],[17.75,58.99],[17.74,59.11],[17.62,59.1],[17.58,58.89],[17.36,58.74],[17.25,58.72],[17.08,58.75],[17.08,58.65],[16.44,58.63],[16.51,58.43],[16.74,58.31],[16.77,58.04],[16.72,57.89],[16.6,57.87],[16.46,57.9],[16.48,57.7],[16.61,57.67],[16.55,57.55],[16.66,57.44],[16.49,57.28],[16.39,57.07],[16.38,56.82],[16.03,56.35],[15.77,56.03],[15.7,56.06],[15.5,56.17],[15.22,56.08],[14.65,56.12],[14.61,55.98],[14.49,56.02],[14.26,55.9],[14.13,55.67],[14.29,55.52],[14.12,55.35],[13.9,55.41],[13.82,55.42],[13.3,55.3],[12.8,55.35],[12.8,55.42],[12.89,55.45],[12.86,55.53],[12.99,55.67],[12.7,55.91],[12.51,56.12],[12.41,56.24],[12.65,56.3],[12.62,56.44],[12.8,56.4],[12.87,56.51],[12.79,56.62],[12.66,56.61],[12.53,56.78],[12.29,56.88],[12.01,57.33],[11.88,57.33],[11.88,57.51],[11.77,57.67],[11.61,57.81],[11.71,58.02],[11.8,58.18],[11.61,58.25],[11.43,58.2],[11.41,58.33],[11.22,58.31],[11.14,58.85],[11.04,58.91],[11.18,59.07],[11.11,59.17],[10.83,59.11]],[[14.0,59.07],[13.97,59.07],[13.95,59.07],[13.93,59.09],[13.95,59.11],[13.99,59.16],[14.03,59.2],[14.05,59.24],[14.05,59.27],[14.06,59.29],[14.05,59.3],[14.05,59.31],[14.03,59.32],[14.0,59.33],[13.96,59.33],[13.93,59.33],[13.9,59.33],[13.87,59.33],[13.83,59.34],[13.8,59.34],[13.77,59.33],[13.75,59.33],[13.74,59.34],[13.74,59.36],[13.72,59.38],[13.68,59.39],[13.63,59.39],[13.55,59.38],[13.46,59.37],[13.38,59.36],[13.32,59.36],[13.28,59.36],[13.26,59.35],[13.25,59.34],[13.25,59.34],[13.25,59.32],[13.25,59.32],[13.25,59.31],[13.22,59.31],[13.19,59.32],[13.17,59.35],[13.15,59.35],[13.14,59.34],[13.13,59.32],[13.12,59.3],[13.11,59.28],[13.1,59.27],[13.1,59.25],[13.12,59.2],[13.18,59.1],[13.22,58.99],[13.24,58.93],[13.24,58.91],[13.2,58.9],[13.16,58.91],[13.12,58.92],[13.09,58.95],[13.06,58.98],[13.04,59.01],[12.95,59.05],[12.87,59.07],[12.82,59.08],[12.78,59.08],[12.75,59.06],[12.71,59.04],[12.68,58.99],[12.65,58.93],[12.62,58.89],[12.6,58.85],[12.58,58.83],[12.56,58.82],[12.54,58.83],[12.53,58.85],[12.52,58.87],[12.51,58.9],[12.5,58.92],[12.48,58.93],[12.47,58.93],[12.46,58.92],[12.47,58.88],[12.47,58.84],[12.46,58.82],[12.43,58.81],[12.43,58.8],[12.45,58.78],[12.47,58.78],[12.5,58.76],[12.5,58.73],[12.5,58.69],[12.53,58.66],[12.56,58.65],[12.61,58.64],[12.61,58.62],[12.49,58.51],[12.33,58.43],[12.31,58.4],[12.33,58.37],[12.38,58.38],[12.51,58.4],[12.55,58.43],[12.57,58.43],[12.57,58.42],[12.55,58.39],[12.55,58.38],[12.56,58.37],[12.58,58.37],[12.6,58.38],[12.62,58.38],[12.65,58.4],[12.68,58.42],[12.73,58.45],[12.8,58.49],[12.87,58.5],[12.91,58.55],[12.95,58.57],[13.04,58.6],[13.12,58.61],[13.15,58.6],[13.15,58.57],[13.15,58.56],[13.14,58.54],[13.15,58.52],[13.17,58.51],[13.19,58.51],[13.24,58.51],[13.3,58.56],[13.36,58.62],[13.44,58.64],[13.52,58.66],[13.63,58.68],[13.74,58.7],[13.8,58.72],[13.83,58.74],[13.86,58.77],[13.89,58.8],[13.92,58.82],[13.95,58.84],[13.98,58.87],[13.99,58.9],[14.0,58.94],[13.99,58.99],[14.01,59.0],[14.04,59.0],[14.05,59.01],[14.06,59.02],[14.07,59.03],[14.08,59.06],[14.09,59.08],[14.09,59.09],[14.08,59.1],[14.07,59.1],[14.04,59.08],[14.0,59.07]]]]}},{"type":"Feature","properties":{"NAME":"Germany"},"geometry":{"type":"MultiPolygon","coordinates":[[[[14.15,53.83],[14.07,53.84],[14.03,53.87],[13.83,53.83],[13.78,53.95],[13.78,54.04],[14.07,53.92],[14.17,53.91],[14.21,53.81],[14.15,53.83]]],[[[14.25,53.82],[14.23,53.91],[14.31,53.92],[14.42,53.92],[14.47,53.88],[14.46,53.82],[14.33,53.83],[14.25,53.82]]],[[[18.55,49.96],[18.19,50.02],[18.05,50.1],[17.88,50.03],[17.75,50.04],[17.74,50.14],[17.75,50.25],[17.6,50.21],[17.68,50.34],[17.36,50.34],[17.24,50.39],[17.01,50.48],[16.89,50.49],[16.88,50.42],[17.01,50.29],[16.83,50.23],[16.73,50.15],[16.58,50.18],[16.45,50.35],[16.2,50.46],[16.3,50.56],[16.4,50.57],[16.44,50.62],[16.35,50.7],[16.24,50.72],[16.21,50.69],[16.0,50.66],[16.0,50.73],[15.88,50.72],[15.82,50.8],[15.56,50.82],[15.47,50.83],[15.31,50.91],[15.27,51.02],[15.17,51.06],[15.01,51.06],[14.98,51.02],[15.01,50.98],[15.0,50.92],[14.83,50.92],[14.76,50.87],[14.61,50.9],[14.6,51.02],[14.46,51.08],[14.26,51.04],[14.39,50.95],[14.27,50.91],[14.15,50.87],[13.91,50.84],[13.85,50.77],[13.52,50.76],[13.47,50.66],[13.39,50.69],[13.23,50.66],[13.19,50.56],[13.02,50.56],[12.98,50.47],[12.78,50.47],[12.59,50.38],[12.46,50.4],[12.34,50.32],[12.24,50.24],[12.25,50.22],[12.37,50.05],[12.55,50.0],[12.48,49.89],[12.45,49.71],[12.52,49.67],[12.54,49.56],[12.65,49.48],[12.86,49.37],[12.95,49.4],[13.2,49.17],[13.4,49.09],[13.48,49.0],[13.58,49.04],[13.65,48.96],[13.75,48.94],[13.95,48.66],[13.64,48.54],[13.44,48.61],[13.38,48.59],[13.37,48.44],[13.29,48.36],[12.86,48.23],[12.69,48.13],[12.94,47.87],[12.85,47.74],[13.0,47.73],[13.02,47.66],[12.98,47.51],[12.94,47.48],[12.74,47.56],[12.77,47.64],[12.7,47.69],[12.45,47.66],[12.36,47.72],[12.16,47.71],[12.12,47.63],[11.56,47.61],[11.5,47.54],[11.36,47.53],[11.34,47.47],[11.17,47.42],[10.9,47.42],[10.88,47.48],[10.83,47.54],[10.61,47.59],[10.5,47.56],[10.39,47.58],[10.4,47.46],[10.2,47.3],[10.1,47.3],[10.14,47.39],[10.02,47.41],[10.03,47.48],[9.94,47.5],[9.89,47.56],[9.78,47.57],[9.74,47.62],[9.67,47.56],[9.65,47.56],[9.63,47.57],[9.61,47.57],[9.6,47.59],[9.56,47.58],[9.53,47.6],[9.5,47.65],[9.49,47.65],[9.47,47.65],[9.42,47.67],[9.35,47.66],[9.29,47.68],[9.24,47.71],[9.23,47.74],[9.13,47.77],[9.11,47.79],[9.04,47.82],[9.03,47.8],[9.07,47.78],[9.17,47.73],[9.18,47.7],[9.2,47.71],[9.19,47.7],[9.21,47.68],[9.22,47.67],[9.2,47.68],[9.12,47.68],[9.11,47.69],[9.08,47.68],[9.04,47.69],[9.05,47.71],[9.08,47.69],[9.11,47.69],[9.1,47.7],[8.99,47.74],[9.01,47.72],[8.96,47.74],[8.94,47.73],[8.99,47.71],[9.01,47.69],[8.99,47.68],[8.98,47.68],[8.82,47.68],[8.75,47.72],[8.66,47.71],[8.65,47.78],[8.64,47.78],[8.33,47.69],[8.41,47.6],[8.25,47.59],[8.13,47.64],[7.87,47.57],[7.75,47.62],[7.63,47.56],[7.51,47.6],[7.45,47.71],[7.54,48.02],[7.5,48.06],[7.54,48.19],[7.68,48.36],[7.7,48.52],[7.73,48.62],[8.16,48.98],[7.89,49.07],[7.67,49.06],[7.47,49.1],[7.42,49.18],[7.32,49.19],[7.28,49.16],[6.97,49.14],[6.95,49.2],[6.78,49.18],[6.63,49.3],[6.43,49.45],[6.4,49.6],[6.51,49.67],[6.53,49.8],[6.32,49.84],[6.14,49.98],[6.11,50.12],[6.3,50.29],[6.28,50.5],[6.15,50.66],[6.0,50.74],[6.07,50.87],[6.01,50.96],[5.93,50.98],[5.96,51.02],[6.07,51.08],[6.18,51.14],[6.09,51.2],[6.18,51.32],[6.22,51.39],[6.15,51.52],[6.12,51.64],[5.95,51.72],[5.98,51.8],[6.13,51.84],[6.21,51.88],[6.38,51.82],[6.68,51.89],[6.82,51.96],[6.88,52.13],[7.07,52.22],[7.07,52.27],[7.07,52.37],[7.0,52.44],[6.91,52.42],[6.71,52.48],[6.73,52.56],[6.78,52.64],[7.03,52.62],[7.07,52.8],[7.23,52.97],[7.16,53.16],[7.19,53.23],[6.98,53.32],[7.04,53.51],[7.17,53.59],[7.33,53.6],[7.84,53.63],[7.88,53.63],[7.97,53.64],[8.01,53.57],[8.1,53.44],[8.03,53.37],[8.17,53.32],[8.24,53.35],[8.26,53.44],[8.19,53.53],[8.31,53.53],[8.5,53.45],[8.43,53.61],[8.52,53.76],[8.54,53.8],[8.59,53.79],[8.85,53.75],[9.13,53.79],[8.86,53.87],[8.82,53.97],[8.95,54.01],[8.83,54.07],[8.78,54.13],[8.85,54.17],[8.88,54.23],[8.96,54.28],[9.06,54.35],[9.14,54.3],[9.17,54.32],[9.22,54.29],[9.26,54.3],[9.3,54.25],[9.44,54.25],[9.45,54.19],[9.67,54.19],[9.74,54.28],[9.83,54.28],[9.88,54.25],[10.14,54.34],[10.21,54.37],[10.34,54.36],[10.45,54.29],[10.65,54.26],[11.04,54.31],[11.07,54.22],[11.04,54.15],[11.02,54.1],[10.72,53.96],[10.77,53.93],[10.86,53.88],[10.88,53.88],[10.89,53.88],[10.96,53.9],[11.15,53.94],[11.2,53.86],[11.41,53.86],[11.57,54.04],[12.04,54.1],[12.31,54.2],[12.46,54.25],[12.65,54.32],[12.76,54.27],[12.94,54.35],[13.03,54.27],[13.06,54.19],[13.35,54.06],[13.43,54.03],[13.67,54.08],[13.74,54.03],[13.76,53.88],[13.78,53.78],[13.85,53.73],[14.01,53.67],[14.18,53.68],[14.19,53.62],[14.28,53.61],[14.43,53.59],[14.54,53.54],[14.5,53.62],[14.57,53.69],[14.56,53.76],[14.48,53.82],[14.47,53.88],[14.47,53.91],[14.89,53.98],[15.08,54.0],[15.31,54.07],[15.9,54.13],[16.11,54.2],[16.47,54.42],[16.98,54.55],[17.66,54.69],[18.28,54.72],[18.76,54.54],[18.36,54.67],[18.34,54.6],[18.45,54.53],[18.51,54.32],[18.67,54.26],[18.96,54.23],[19.26,54.28],[19.73,54.46],[19.76,54.46],[19.32,54.27],[19.23,54.22],[19.23,54.17],[19.33,54.16],[19.46,54.22],[19.73,54.31],[19.98,54.42],[20.19,54.52],[20.33,54.56],[20.19,54.58],[20.01,54.55],[19.94,54.61],[19.88,54.53],[19.83,54.53],[19.86,54.75],[19.94,54.85],[20.13,54.85],[20.8,54.82],[20.99,54.81],[21.14,54.85],[21.19,54.96],[21.11,55.09],[21.22,55.11],[21.19,55.17],[21.16,55.22],[21.14,55.26],[21.2,55.26],[21.22,55.34],[21.02,55.63],[21.01,55.7],[21.0,56.02],[20.95,56.07],[21.28,55.86],[21.68,55.35],[22.58,55.01],[22.63,54.95],[22.79,54.9],[22.82,54.79],[22.72,54.73],[22.66,54.57],[22.67,54.49],[22.7,54.41],[22.74,53.95],[22.81,53.81],[21.12,53.27],[20.7,53.32],[20.48,53.13],[20.1,53.18],[20.01,53.04],[19.58,53.08],[19.49,53.17],[19.42,53.11],[19.28,53.17],[18.99,53.13],[18.95,53.04],[18.84,53.07],[18.76,52.93],[18.57,52.82],[18.65,52.72],[18.52,52.66],[18.52,52.55],[18.6,52.5],[18.46,52.39],[18.09,52.39],[17.9,52.18],[18.01,51.88],[18.14,51.82],[18.11,51.77],[18.14,50.99],[18.65,50.64],[18.77,50.18],[18.75,50.05],[18.55,49.96]]]]}},{"type":"Feature","properties":{"NAME":"Russian Empire"},"geometry":{"type":"MultiPolygon","coordinates":[[[[142.7,47.36],[142.99,46.95],[143.24,46.86],[143.44,46.57],[143.3,46.01],[143.0,46.58],[142.61,46.71],[142.51,46.7],[142.33,46.56],[142.19,46.32],[141.9,45.91],[141.71,46.14],[141.62,46.56],[141.91,47.07],[141.73,47.47],[141.81,47.68],[142.04,47.96],[141.98,48.28],[141.89,48.45],[141.77,48.7],[141.74,48.81],[141.92,48.94],[142.05,49.35],[142.08,49.71],[142.09,50.3],[142.15,50.89],[142.11,51.22],[142.02,51.43],[141.64,51.81],[141.6,52.22],[141.65,52.3],[141.81,52.63],[141.84,52.96],[141.69,53.17],[141.77,53.27],[141.94,53.29],[142.21,53.3],[142.67,53.54],[142.86,53.34],[143.06,53.06],[143.14,52.86],[143.14,52.51],[143.03,52.31],[142.94,51.96],[142.94,51.62],[143.07,51.27],[143.34,50.89],[143.63,50.23],[144.04,49.51],[144.54,48.75],[143.97,49.06],[143.6,49.23],[143.15,49.26],[143.03,49.22],[142.85,49.13],[142.65,48.66],[142.53,48.16],[142.49,47.9],[142.61,47.46],[142.7,47.36]]],[[[56.15,71.27],[56.38,71.13],[56.73,70.99],[57.25,70.82],[57.24,70.69],[56.06,70.73],[55.68,70.71],[55.27,70.56],[55.0,70.52],[54.69,70.74],[54.52,70.76],[54.03,70.72],[53.73,70.77],[53.71,70.93],[54.32,71.09],[54.35,71.2],[54.31,71.21],[53.88,71.33],[53.23,71.51],[52.55,71.59],[52.4,71.52],[52.12,71.46],[51.81,71.48],[51.53,71.66],[51.48,71.84],[51.59,71.99],[51.76,72.08],[51.91,72.1],[52.06,72.05],[52.35,72.04],[52.58,72.13],[53.09,72.47],[53.2,72.63],[53.05,72.63],[52.61,72.74],[53.08,72.91],[53.31,73.04],[53.5,73.14],[54.14,73.15],[54.74,73.26],[55.18,73.27],[55.82,73.31],[56.06,73.28],[56.51,73.17],[56.48,73.09],[56.27,72.86],[56.14,72.79],[55.82,72.75],[55.62,72.65],[55.52,72.48],[55.52,72.11],[55.72,71.64],[56.15,71.27]]],[[[56.65,74.69],[56.54,74.77],[56.3,74.87],[56.99,75.27],[57.23,75.33],[57.33,75.3],[57.73,75.29],[58.17,75.53],[58.56,75.68],[59.02,75.8],[59.46,75.87],[60.04,75.92],[60.62,75.89],[60.95,75.96],[61.3,76.24],[61.43,76.23],[61.82,76.29],[62.59,76.16],[62.81,76.18],[63.67,76.33],[64.1,76.34],[65.09,76.46],[65.93,76.51],[66.27,76.76],[66.44,76.83],[67.57,76.89],[68.46,76.93],[68.67,76.87],[68.87,76.77],[68.94,76.61],[68.57,76.39],[68.33,76.32],[67.72,76.17],[66.55,75.98],[64.6,75.76],[63.62,75.63],[62.66,75.5],[61.83,75.36],[60.89,75.25],[60.46,75.16],[60.33,75.03],[60.62,74.94],[60.43,74.84],[60.01,74.68],[59.77,74.66],[58.85,74.69],[58.66,74.61],[58.6,74.5],[58.88,74.39],[58.73,74.29],[58.19,74.09],[58.01,74.15],[57.67,74.19],[57.4,74.05],[57.8,73.92],[57.82,73.78],[57.33,73.48],[56.96,73.36],[56.7,73.42],[56.26,73.51],[55.76,73.58],[55.42,73.55],[54.99,73.54],[54.66,73.47],[54.48,73.52],[54.02,73.73],[54.35,73.87],[54.89,74.06],[55.19,74.1],[55.89,74.1],[55.95,74.27],[55.62,74.42],[55.78,74.54],[55.96,74.6],[56.27,74.61],[56.65,74.69]]],[[[-174.37,66.94],[-174.34,67.08],[-173.87,67.16],[-173.43,67.03],[-173.17,66.99],[-172.83,66.96],[-172.38,67.01],[-171.96,66.96],[-171.54,66.76],[-171.23,66.6],[-170.47,66.29],[-170.33,66.26],[-170.07,66.18],[-169.87,66.08],[-169.83,66.02],[-169.99,66.01],[-170.45,66.05],[-170.61,66.04],[-170.98,65.68],[-171.67,65.89],[-171.61,65.81],[-171.41,65.71],[-171.2,65.56],[-171.73,65.61],[-172.18,65.59],[-172.72,65.76],[-173.04,65.81],[-172.98,65.75],[-172.85,65.63],[-172.81,65.63],[-172.56,65.51],[-172.47,65.38],[-172.41,65.17],[-172.44,65.02],[-172.8,65.0],[-173.17,64.97],[-173.25,64.9],[-173.03,64.51],[-173.08,64.38],[-173.54,64.42],[-173.72,64.38],[-174.26,64.46],[-174.38,64.62],[-175.19,64.85],[-175.3,64.73],[-175.83,64.93],[-175.95,65.01],[-176.07,65.19],[-175.99,65.27],[-176.14,65.46],[-176.53,65.61],[-176.78,65.64],[-177.13,65.62],[-177.51,65.52],[-178.12,65.48],[-178.65,65.54],[-178.63,65.69],[-178.7,65.83],[-178.98,66.05],[-179.38,66.0],[-179.58,65.81],[-180,65.26],[-180,68.98],[-178.89,68.64],[-178.13,68.37],[-177.71,68.29],[-175.99,67.85],[-175.51,67.67],[-175.42,67.6],[-175.39,67.51],[-175.19,67.31],[-175.01,66.96],[-175.1,66.77],[-174.64,66.4],[-174.19,66.29],[-174.2,66.37],[-174.07,66.44],[-174.09,66.52],[-174.38,66.7],[-174.37,66.94]]],[[[60.55,69.8],[60.44,69.74],[60.27,69.69],[60.25,69.69],[60.21,69.68],[60.19,69.68],[60.17,69.68],[60.16,69.69],[60.14,69.69],[60.1,69.7],[60.09,69.71],[60.04,69.72],[60.02,69.72],[60.0,69.72],[59.97,69.71],[59.94,69.7],[59.93,69.69],[59.92,69.69],[59.91,69.67],[59.89,69.68],[59.88,69.69],[59.86,69.69],[59.84,69.69],[59.77,69.69],[59.75,69.69],[59.6,69.71],[59.58,69.73],[59.54,69.75],[59.53,69.75],[59.55,69.77],[59.56,69.78],[59.58,69.78],[59.59,69.78],[59.61,69.78],[59.62,69.78],[59.63,69.79],[59.62,69.81],[59.61,69.81],[59.44,69.88],[59.42,69.89],[59.4,69.89],[59.38,69.89],[59.33,69.88],[59.3,69.88],[59.28,69.88],[59.12,69.91],[59.0,69.93],[58.96,69.94],[58.94,69.94],[58.94,69.93],[59.0,69.91],[59.02,69.91],[59.07,69.89],[59.09,69.89],[59.11,69.88],[59.12,69.87],[59.13,69.87],[59.13,69.86],[59.11,69.85],[59.04,69.85],[59.02,69.85],[58.67,70.01],[58.65,70.02],[58.62,70.04],[58.59,70.06],[58.57,70.07],[58.57,70.08],[58.58,70.08],[58.59,70.11],[58.61,70.14],[58.61,70.14],[58.59,70.17],[58.58,70.18],[58.57,70.18],[58.52,70.18],[58.49,70.19],[58.41,70.25],[58.41,70.26],[58.42,70.26],[58.44,70.27],[58.49,70.27],[58.59,70.26],[58.61,70.25],[58.64,70.24],[58.65,70.23],[58.67,70.23],[58.78,70.21],[58.82,70.21],[58.82,70.22],[58.79,70.25],[58.68,70.29],[58.65,70.3],[58.63,70.33],[58.76,70.39],[58.87,70.43],[59.0,70.47],[59.02,70.48],[59.03,70.48],[59.04,70.47],[59.04,70.47],[59.03,70.45],[59.04,70.45],[59.11,70.43],[59.25,70.38],[59.31,70.37],[59.33,70.36],[59.35,70.35],[59.4,70.32],[59.42,70.3],[59.43,70.29],[59.46,70.28],[59.64,70.2],[59.76,70.17],[59.77,70.16],[59.78,70.16],[59.82,70.12],[59.87,70.11],[59.93,70.1],[60.08,70.06],[60.26,69.99],[60.32,69.96],[60.36,69.95],[60.37,69.96],[60.41,69.95],[60.42,69.95],[60.48,69.92],[60.55,69.81],[60.55,69.8]]],[[[50.18,69.1],[50.22,69.14],[50.22,69.15],[50.21,69.15],[50.19,69.15],[50.13,69.14],[49.96,69.08],[49.87,69.0],[49.81,68.95],[49.76,68.92],[49.7,68.88],[49.69,68.88],[49.68,68.87],[49.5,68.82],[49.48,68.82],[49.45,68.81],[49.44,68.81],[49.15,68.77],[48.91,68.74],[48.83,68.73],[48.81,68.72],[48.79,68.72],[48.78,68.72],[48.59,68.73],[48.58,68.73],[48.23,68.88],[48.22,68.89],[48.22,68.89],[48.21,69.06],[48.22,69.06],[48.23,69.08],[48.26,69.11],[48.27,69.12],[48.27,69.13],[48.27,69.14],[48.27,69.17],[48.27,69.19],[48.26,69.19],[48.27,69.21],[48.28,69.23],[48.29,69.25],[48.31,69.28],[48.32,69.29],[48.37,69.32],[48.39,69.34],[48.41,69.35],[48.44,69.36],[48.58,69.42],[48.61,69.44],[48.63,69.44],[48.66,69.45],[48.83,69.49],[48.91,69.5],[48.94,69.51],[49.0,69.51],[49.02,69.51],[49.12,69.51],[49.24,69.51],[49.29,69.5],[49.31,69.5],[49.35,69.49],[49.38,69.48],[49.48,69.45],[49.57,69.42],[49.69,69.39],[49.72,69.38],[49.91,69.33],[50.1,69.28],[50.14,69.27],[50.18,69.25],[50.19,69.24],[50.31,69.16],[50.32,69.15],[50.33,69.14],[50.33,69.12],[50.33,69.12],[50.31,69.1],[50.26,69.06],[50.18,69.01],[50.14,68.99],[50.13,68.99],[50.11,68.99],[50.12,69.03],[50.12,69.04],[50.13,69.05],[50.15,69.06],[50.17,69.08],[50.18,69.1]]],[[[143.14,73.64],[143.18,73.63],[143.21,73.62],[143.43,73.52],[143.47,73.49],[143.53,73.44],[143.53,73.44],[143.51,73.42],[143.49,73.42],[143.48,73.41],[143.44,73.4],[143.45,73.37],[143.45,73.36],[143.48,73.32],[143.5,73.28],[143.51,73.27],[143.51,73.23],[143.23,73.2],[143.18,73.2],[143.14,73.21],[143.08,73.21],[143.02,73.22],[142.9,73.23],[142.64,73.26],[142.62,73.26],[142.58,73.26],[142.45,73.24],[142.41,73.24],[142.39,73.24],[142.36,73.24],[142.32,73.25],[142.28,73.26],[142.26,73.27],[142.22,73.27],[142.13,73.28],[142.09,73.28],[142.05,73.28],[142.03,73.28],[142.01,73.28],[141.97,73.28],[141.84,73.29],[141.8,73.29],[141.63,73.31],[141.59,73.31],[141.55,73.32],[141.51,73.33],[141.23,73.37],[140.98,73.42],[140.81,73.45],[140.79,73.45],[140.75,73.45],[140.7,73.45],[140.64,73.45],[140.57,73.45],[140.42,73.43],[140.29,73.41],[140.28,73.41],[140.27,73.41],[140.26,73.41],[140.25,73.4],[140.09,73.37],[140.05,73.36],[140.01,73.35],[139.97,73.35],[139.88,73.35],[139.84,73.35],[139.78,73.35],[139.75,73.35],[139.73,73.35],[139.71,73.35],[139.68,73.37],[139.67,73.38],[139.65,73.4],[139.65,73.42],[139.67,73.43],[139.69,73.43],[139.71,73.44],[139.73,73.44],[139.77,73.44],[140.07,73.46],[140.16,73.46],[140.18,73.46],[140.26,73.46],[140.28,73.46],[140.29,73.46],[140.31,73.46],[140.32,73.46],[140.42,73.48],[140.48,73.51],[140.6,73.55],[140.64,73.56],[140.65,73.57],[140.66,73.57],[140.68,73.59],[140.74,73.66],[140.82,73.74],[140.89,73.79],[140.92,73.81],[140.95,73.82],[141.07,73.86],[141.09,73.87],[141.13,73.88],[141.16,73.88],[141.18,73.87],[141.23,73.86],[141.31,73.86],[141.36,73.86],[141.38,73.86],[141.4,73.86],[141.42,73.87],[141.44,73.87],[141.47,73.88],[141.52,73.89],[141.56,73.9],[141.7,73.91],[142.0,73.92],[142.03,73.92],[142.05,73.92],[142.09,73.91],[142.11,73.9],[142.15,73.89],[142.34,73.86],[142.41,73.85],[142.45,73.85],[142.47,73.85],[142.51,73.84],[142.58,73.82],[142.61,73.81],[142.66,73.79],[142.67,73.78],[142.7,73.77],[142.74,73.76],[143.01,73.66],[143.06,73.65],[143.12,73.65],[143.14,73.64]]],[[[147.17,75.36],[147.17,75.37],[147.21,75.38],[147.33,75.43],[147.36,75.43],[147.41,75.44],[147.45,75.44],[147.59,75.44],[147.66,75.44],[147.73,75.43],[147.84,75.41],[147.87,75.41],[148.1,75.41],[148.14,75.41],[148.19,75.41],[148.3,75.41],[148.34,75.42],[148.36,75.42],[148.39,75.42],[148.41,75.41],[148.43,75.41],[148.56,75.38],[148.57,75.38],[148.57,75.37],[148.54,75.34],[148.54,75.33],[148.53,75.33],[148.5,75.32],[148.48,75.31],[148.46,75.31],[148.44,75.3],[148.44,75.28],[148.45,75.28],[148.45,75.27],[148.46,75.26],[148.56,75.22],[148.58,75.21],[148.6,75.21],[148.77,75.21],[148.79,75.21],[148.89,75.22],[148.91,75.22],[148.95,75.24],[148.97,75.24],[149.06,75.25],[149.28,75.28],[149.3,75.28],[149.33,75.28],[149.46,75.27],[149.6,75.26],[149.64,75.25],[149.89,75.23],[149.94,75.23],[149.96,75.23],[150.01,75.23],[150.06,75.23],[150.1,75.23],[150.15,75.22],[150.16,75.21],[150.21,75.19],[150.47,75.09],[150.5,75.09],[150.52,75.09],[150.55,75.1],[150.63,75.11],[150.64,75.12],[150.66,75.12],[150.66,75.13],[150.67,75.14],[150.67,75.14],[150.66,75.15],[150.66,75.15],[150.68,75.16],[150.83,75.16],[150.87,75.16],[150.9,75.15],[150.95,75.14],[150.9,75.13],[150.87,75.13],[150.86,75.12],[150.82,75.1],[150.64,75.0],[150.64,75.0],[150.64,74.98],[150.68,74.97],[150.69,74.95],[150.69,74.94],[150.64,74.9],[150.63,74.89],[150.6,74.88],[150.58,74.88],[150.51,74.88],[150.46,74.88],[150.36,74.87],[150.14,74.85],[150.04,74.84],[149.83,74.8],[149.78,74.8],[149.76,74.79],[149.75,74.79],[149.73,74.77],[149.73,74.77],[149.72,74.76],[149.7,74.76],[149.65,74.76],[149.53,74.76],[149.23,74.76],[149.21,74.76],[149.16,74.76],[149.03,74.76],[148.98,74.76],[148.7,74.76],[148.68,74.76],[148.64,74.76],[148.3,74.79],[148.26,74.79],[148.23,74.79],[148.13,74.81],[148.03,74.83],[147.83,74.89],[147.73,74.92],[147.72,74.93],[147.72,74.94],[147.7,74.94],[147.66,74.95],[147.59,74.96],[147.55,74.96],[147.46,74.97],[147.41,74.97],[147.39,74.96],[147.34,74.97],[147.32,74.97],[147.27,74.97],[147.14,74.99],[147.12,75.0],[147.1,75.0],[147.05,75.02],[146.98,75.04],[146.89,75.07],[146.74,75.1],[146.67,75.12],[146.47,75.14],[146.38,75.15],[146.36,75.15],[146.31,75.16],[146.18,75.18],[146.14,75.2],[146.08,75.21],[146.07,75.22],[146.07,75.23],[146.07,75.23],[146.09,75.24],[146.13,75.26],[146.15,75.27],[146.16,75.28],[146.17,75.29],[146.19,75.34],[146.24,75.42],[146.36,75.56],[146.38,75.58],[146.39,75.58],[146.41,75.59],[146.46,75.59],[146.49,75.59],[146.51,75.59],[146.62,75.56],[146.65,75.56],[146.66,75.55],[146.77,75.5],[146.75,75.49],[146.72,75.49],[146.7,75.48],[146.68,75.48],[146.63,75.43],[146.63,75.43],[146.64,75.42],[146.77,75.37],[146.84,75.36],[146.97,75.34],[147.02,75.33],[147.11,75.33],[147.14,75.33],[147.18,75.33],[147.33,75.35],[147.35,75.35],[147.33,75.36],[147.32,75.37],[147.3,75.37],[147.27,75.37],[147.25,75.37],[147.23,75.36],[147.21,75.36],[147.18,75.36],[147.17,75.36]]],[[[140.12,74.03],[140.11,74.03],[140.08,74.07],[140.07,74.09],[140.07,74.1],[140.09,74.18],[140.1,74.19],[140.11,74.2],[140.21,74.24],[140.23,74.24],[140.27,74.26],[140.32,74.26],[140.38,74.27],[140.5,74.28],[140.56,74.28],[140.7,74.28],[140.74,74.28],[140.81,74.28],[140.87,74.27],[140.92,74.26],[140.96,74.26],[140.99,74.25],[141.06,74.23],[141.08,74.22],[141.09,74.21],[141.12,74.17],[141.12,74.16],[141.08,74.07],[141.05,74.02],[141.05,74.01],[141.02,73.99],[140.97,73.97],[140.95,73.97],[140.92,73.98],[140.86,73.98],[140.81,73.97],[140.62,73.94],[140.58,73.93],[140.56,73.92],[140.45,73.9],[140.37,73.92],[140.35,73.92],[140.31,73.93],[140.25,73.96],[140.12,74.03]]],[[[139.77,75.97],[139.79,75.97],[139.82,75.97],[139.84,75.96],[139.87,75.95],[139.9,75.94],[139.91,75.93],[139.91,75.93],[139.88,75.92],[139.86,75.92],[139.83,75.93],[139.79,75.89],[139.79,75.89],[139.8,75.88],[139.94,75.84],[140.03,75.82],[140.16,75.8],[140.22,75.82],[140.24,75.82],[140.27,75.82],[140.39,75.82],[140.44,75.81],[140.5,75.79],[140.53,75.78],[140.54,75.78],[140.55,75.76],[140.55,75.76],[140.54,75.75],[140.54,75.74],[140.49,75.72],[140.47,75.72],[140.46,75.71],[140.45,75.7],[140.43,75.66],[140.43,75.64],[140.45,75.64],[140.48,75.64],[140.65,75.62],[140.86,75.61],[140.89,75.61],[140.91,75.61],[140.94,75.61],[140.98,75.62],[141.03,75.63],[141.05,75.64],[141.06,75.65],[140.98,75.68],[140.87,75.73],[140.86,75.74],[140.87,75.74],[140.89,75.78],[140.91,75.83],[140.91,75.85],[140.88,75.89],[140.88,75.9],[140.88,75.9],[140.9,75.98],[140.92,76.0],[140.94,76.02],[140.96,76.03],[140.97,76.04],[140.99,76.04],[141.02,76.05],[141.04,76.05],[141.19,76.06],[141.21,76.06],[141.38,76.04],[141.51,76.02],[141.53,76.02],[141.55,76.01],[141.57,76.0],[141.58,76.0],[141.6,76.0],[141.61,76.01],[141.62,76.01],[141.62,76.02],[141.61,76.02],[141.49,76.07],[141.49,76.07],[141.39,76.15],[141.38,76.15],[141.31,76.17],[141.31,76.18],[141.33,76.18],[141.36,76.18],[141.41,76.17],[141.58,76.13],[141.76,76.1],[142.01,76.03],[142.13,76.0],[142.36,75.93],[142.4,75.92],[142.43,75.91],[142.43,75.9],[142.43,75.9],[142.45,75.88],[142.46,75.88],[142.51,75.87],[142.56,75.86],[142.66,75.85],[142.75,75.84],[142.87,75.83],[142.9,75.83],[142.99,75.81],[143.09,75.81],[143.14,75.81],[143.16,75.81],[143.24,75.81],[143.36,75.83],[143.37,75.84],[143.39,75.84],[143.41,75.85],[143.56,75.87],[143.58,75.87],[143.63,75.87],[143.66,75.86],[143.9,75.84],[143.92,75.83],[144.02,75.81],[144.23,75.76],[144.48,75.71],[144.52,75.7],[144.62,75.7],[144.64,75.7],[144.69,75.69],[144.71,75.69],[144.73,75.69],[144.76,75.66],[144.8,75.64],[144.83,75.64],[144.9,75.63],[145.01,75.62],[145.11,75.61],[145.15,75.6],[145.2,75.6],[145.22,75.59],[145.28,75.57],[145.3,75.57],[145.38,75.53],[145.39,75.52],[145.39,75.52],[145.39,75.51],[145.37,75.51],[145.35,75.51],[145.28,75.51],[145.23,75.51],[145.21,75.51],[145.08,75.49],[145.06,75.49],[144.99,75.47],[144.93,75.46],[144.88,75.45],[144.8,75.45],[144.78,75.44],[144.75,75.44],[144.74,75.43],[144.72,75.42],[144.71,75.41],[144.69,75.4],[144.66,75.34],[144.67,75.33],[144.68,75.32],[144.7,75.32],[144.79,75.3],[144.81,75.3],[144.86,75.3],[144.88,75.29],[144.9,75.29],[144.92,75.28],[144.94,75.27],[144.93,75.26],[144.83,75.25],[144.73,75.23],[144.72,75.2],[144.71,75.17],[144.71,75.17],[144.7,75.16],[144.68,75.15],[144.63,75.15],[144.61,75.14],[144.59,75.14],[144.51,75.11],[144.47,75.1],[144.46,75.09],[144.45,75.09],[144.41,75.06],[144.4,75.06],[144.35,75.04],[144.32,75.04],[144.3,75.04],[144.28,75.05],[144.26,75.05],[144.23,75.05],[144.19,75.05],[144.12,75.04],[144.07,75.03],[144.02,75.03],[144.0,75.03],[143.97,75.03],[143.95,75.03],[143.9,75.03],[143.86,75.05],[143.82,75.06],[143.78,75.07],[143.76,75.07],[143.6,75.09],[143.57,75.09],[143.55,75.09],[143.5,75.09],[143.48,75.08],[143.48,75.08],[143.46,75.07],[143.44,75.07],[143.39,75.07],[143.37,75.07],[143.34,75.07],[143.32,75.07],[143.3,75.08],[143.25,75.09],[143.21,75.1],[143.04,75.12],[142.97,75.13],[142.95,75.13],[142.93,75.13],[142.9,75.13],[142.89,75.14],[142.87,75.15],[142.87,75.16],[142.87,75.17],[142.86,75.18],[142.83,75.22],[142.81,75.22],[142.79,75.22],[142.76,75.22],[142.74,75.22],[142.72,75.23],[142.7,75.23],[142.68,75.26],[142.67,75.3],[142.66,75.31],[142.64,75.31],[142.62,75.32],[142.57,75.33],[142.53,75.34],[142.51,75.35],[142.5,75.36],[142.49,75.37],[142.51,75.45],[142.51,75.46],[142.63,75.51],[142.68,75.53],[142.73,75.55],[142.81,75.56],[142.89,75.57],[142.96,75.58],[143.01,75.59],[143.02,75.6],[143.04,75.62],[143.04,75.63],[143.04,75.66],[143.04,75.67],[143.03,75.68],[143.02,75.69],[143.0,75.69],[142.95,75.71],[142.93,75.72],[142.9,75.72],[142.67,75.73],[142.59,75.72],[142.54,75.72],[142.45,75.71],[142.43,75.69],[142.43,75.67],[142.42,75.67],[142.4,75.66],[142.37,75.66],[142.23,75.66],[142.14,75.59],[142.11,75.5],[142.15,75.38],[142.16,75.38],[142.21,75.33],[142.29,75.31],[142.32,75.3],[142.39,75.27],[142.42,75.26],[142.58,75.15],[142.59,75.14],[142.61,75.12],[142.6,75.11],[142.61,75.1],[142.63,75.09],[142.68,75.09],[142.75,75.08],[142.82,75.07],[142.84,75.07],[142.89,75.07],[142.96,75.07],[143.03,75.07],[143.1,75.06],[143.17,75.04],[143.35,75.01],[143.39,75.0],[143.42,75.0],[143.44,75.0],[143.51,75.01],[143.53,75.01],[143.56,75.01],[143.58,75.01],[143.6,75.01],[143.64,74.99],[143.66,74.98],[143.67,74.97],[143.7,74.94],[143.71,74.94],[143.69,74.93],[143.64,74.92],[143.45,74.89],[143.43,74.89],[143.32,74.89],[143.27,74.9],[143.18,74.89],[143.13,74.89],[142.96,74.88],[142.79,74.89],[142.77,74.89],[142.74,74.89],[142.7,74.89],[142.68,74.89],[142.66,74.88],[142.62,74.85],[142.62,74.84],[142.65,74.84],[142.69,74.85],[142.71,74.85],[142.71,74.84],[142.7,74.84],[142.58,74.82],[142.56,74.81],[142.49,74.81],[142.44,74.81],[142.4,74.82],[142.37,74.82],[142.35,74.82],[142.07,74.89],[142.02,74.91],[141.98,74.93],[141.97,74.93],[141.97,74.94],[141.98,74.95],[142.0,74.96],[142.02,74.96],[142.04,74.96],[142.07,74.96],[142.11,74.96],[142.14,74.96],[142.22,74.94],[142.26,74.93],[142.28,74.92],[142.3,74.92],[142.33,74.92],[142.35,74.92],[142.36,74.93],[142.36,74.93],[142.24,74.99],[142.22,75.0],[142.19,75.0],[142.17,75.0],[141.98,75.0],[141.8,74.99],[141.69,74.96],[141.58,74.95],[141.54,74.94],[141.51,74.94],[141.44,74.93],[141.24,74.92],[141.12,74.91],[141.05,74.91],[140.98,74.91],[140.92,74.91],[140.82,74.89],[140.76,74.88],[140.69,74.88],[140.64,74.87],[140.59,74.87],[140.46,74.86],[140.3,74.84],[140.07,74.82],[140.06,74.83],[140.05,74.84],[139.98,74.89],[139.97,74.9],[139.86,74.93],[139.76,74.96],[139.69,74.97],[139.67,74.98],[139.65,74.98],[139.53,74.95],[139.46,74.93],[139.46,74.93],[139.47,74.88],[139.48,74.87],[139.5,74.86],[139.52,74.86],[139.57,74.86],[139.57,74.85],[139.54,74.8],[139.53,74.79],[139.5,74.76],[139.49,74.76],[139.39,74.7],[139.38,74.7],[139.34,74.69],[139.32,74.68],[139.23,74.66],[139.21,74.66],[139.16,74.65],[139.1,74.65],[139.07,74.65],[139.05,74.65],[139.03,74.65],[139.0,74.65],[138.93,74.67],[138.89,74.68],[138.85,74.69],[138.81,74.71],[138.77,74.72],[138.74,74.72],[138.67,74.73],[138.47,74.75],[138.26,74.77],[138.21,74.77],[138.19,74.77],[138.16,74.77],[138.14,74.78],[138.12,74.78],[138.07,74.79],[138.03,74.8],[137.89,74.85],[137.88,74.85],[137.87,74.86],[137.83,74.89],[137.82,74.91],[137.81,74.92],[137.81,74.95],[137.8,74.96],[137.8,74.97],[137.78,74.98],[137.77,74.99],[137.74,74.99],[137.68,75.01],[137.62,75.02],[137.6,75.02],[137.53,75.03],[137.5,75.03],[137.48,75.03],[137.32,75.07],[137.14,75.13],[137.12,75.14],[136.98,75.23],[136.91,75.27],[136.86,75.35],[136.86,75.35],[136.87,75.36],[136.89,75.37],[136.91,75.37],[136.93,75.38],[136.98,75.39],[137,75.39],[137.02,75.39],[137.05,75.39],[137.07,75.37],[137.09,75.35],[137.1,75.34],[137.12,75.34],[137.15,75.33],[137.17,75.33],[137.22,75.33],[137.27,75.33],[137.38,75.35],[137.4,75.35],[137.42,75.38],[137.43,75.38],[137.42,75.4],[137.41,75.41],[137.39,75.41],[137.35,75.42],[137.3,75.42],[137.27,75.42],[137.25,75.42],[137.23,75.42],[137.2,75.41],[137.19,75.4],[137.17,75.4],[137.15,75.4],[137.13,75.41],[137.13,75.42],[137.14,75.45],[137.19,75.47],[137.21,75.53],[137.28,75.59],[137.29,75.59],[137.29,75.6],[137.21,75.64],[137.16,75.65],[137.14,75.65],[137.12,75.64],[137.03,75.62],[137.01,75.62],[136.97,75.6],[136.99,75.59],[137.03,75.58],[137.07,75.57],[137.08,75.56],[137.06,75.56],[136.99,75.58],[136.98,75.58],[136.96,75.6],[136.96,75.6],[136.97,75.61],[136.98,75.62],[137.0,75.62],[137.05,75.63],[137.07,75.63],[137.14,75.65],[137.15,75.66],[137.16,75.67],[137.16,75.68],[137.16,75.69],[137.14,75.7],[137.12,75.7],[137.09,75.71],[137.07,75.71],[137.07,75.72],[137.07,75.73],[137.17,75.77],[137.18,75.78],[137.21,75.78],[137.23,75.79],[137.3,75.79],[137.51,75.78],[137.56,75.77],[137.61,75.77],[137.62,75.76],[137.63,75.76],[137.64,75.76],[137.69,75.75],[137.71,75.74],[137.74,75.74],[137.74,75.75],[137.73,75.77],[137.73,75.78],[137.71,75.78],[137.69,75.79],[137.61,75.81],[137.6,75.81],[137.59,75.81],[137.44,75.87],[137.43,75.88],[137.42,75.88],[137.41,75.93],[137.41,75.94],[137.42,75.94],[137.45,75.95],[137.5,75.97],[137.57,75.98],[137.69,76.0],[137.71,76.01],[137.73,76.01],[137.78,76.01],[137.91,76.02],[137.95,76.02],[137.98,76.02],[138.0,76.02],[138.07,76.04],[138.1,76.06],[138.1,76.06],[138.11,76.07],[138.11,76.08],[138.09,76.09],[138.07,76.08],[138.03,76.07],[137.99,76.06],[137.97,76.05],[138.13,76.11],[138.15,76.12],[138.17,76.12],[138.22,76.13],[138.34,76.15],[138.34,76.14],[138.34,76.12],[138.38,76.08],[138.38,76.07],[138.4,76.07],[138.42,76.06],[138.44,76.06],[138.45,76.06],[138.47,76.1],[138.46,76.12],[138.46,76.13],[138.49,76.16],[138.5,76.17],[138.52,76.18],[138.56,76.19],[138.64,76.2],[138.71,76.21],[138.73,76.22],[138.78,76.22],[138.83,76.22],[138.87,76.22],[138.95,76.21],[138.96,76.2],[138.96,76.2],[138.96,76.19],[138.96,76.17],[138.98,76.15],[139.02,76.12],[139.09,76.1],[139.19,76.07],[139.29,76.06],[139.34,76.05],[139.37,76.05],[139.39,76.04],[139.46,76.03],[139.51,76.02],[139.55,76.01],[139.58,76.0],[139.64,75.98],[139.67,75.98],[139.69,75.97],[139.77,75.97]]],[[[-178.23,71.48],[-178.21,71.48],[-178.18,71.48],[-178.16,71.48],[-178.14,71.48],[-178.12,71.48],[-178.06,71.46],[-178.02,71.45],[-178.01,71.44],[-177.99,71.43],[-177.96,71.4],[-177.83,71.35],[-177.75,71.32],[-177.69,71.3],[-177.64,71.28],[-177.62,71.28],[-177.6,71.28],[-177.58,71.28],[-177.56,71.28],[-177.5,71.28],[-177.46,71.25],[-177.44,71.23],[-177.44,71.23],[-177.44,71.22],[-177.48,71.18],[-177.49,71.17],[-177.51,71.16],[-177.62,71.12],[-177.63,71.11],[-177.71,71.09],[-177.92,71.04],[-177.94,71.04],[-177.99,71.03],[-178.04,71.03],[-178.08,71.03],[-178.12,71.04],[-178.17,71.03],[-178.22,71.03],[-178.24,71.03],[-178.3,71.02],[-178.36,71.01],[-178.46,71.0],[-178.51,71.0],[-178.61,71.0],[-178.74,70.99],[-178.82,70.98],[-178.86,70.98],[-178.89,70.97],[-178.95,70.96],[-179.03,70.94],[-179.25,70.91],[-179.27,70.91],[-179.32,70.91],[-179.49,70.91],[-179.5,70.91],[-179.58,70.93],[-179.74,70.96],[-179.93,71.0],[-179.97,71.0],[-180,71.0],[-180,71.54],[-179.93,71.54],[-179.91,71.54],[-179.9,71.55],[-179.89,71.56],[-179.63,71.58],[-179.5,71.57],[-179.31,71.55],[-179.23,71.56],[-179.22,71.57],[-179.2,71.58],[-179.19,71.58],[-179.05,71.6],[-179.03,71.6],[-178.75,71.58],[-178.57,71.56],[-178.43,71.54],[-178.39,71.54],[-178.35,71.53],[-178.33,71.52],[-178.32,71.52],[-178.31,71.51],[-178.33,71.51],[-178.33,71.51],[-178.25,71.48],[-178.23,71.48]]],[[[71.28,73.28],[71.38,73.31],[71.4,73.32],[71.41,73.32],[71.42,73.33],[71.42,73.34],[71.43,73.35],[71.45,73.35],[71.47,73.34],[71.49,73.34],[71.6,73.27],[71.62,73.26],[71.66,73.23],[71.68,73.21],[71.68,73.21],[71.68,73.18],[71.66,73.17],[71.61,73.17],[71.55,73.17],[71.51,73.17],[71.4,73.17],[71.36,73.17],[71.34,73.17],[71.32,73.16],[71.3,73.15],[71.29,73.14],[71.27,73.14],[71.25,73.13],[71.19,73.13],[71.09,73.12],[71.07,73.12],[71.01,73.12],[70.94,73.13],[70.92,73.13],[70.89,73.13],[70.73,73.11],[70.58,73.08],[70.54,73.07],[70.5,73.06],[70.45,73.04],[70.43,73.04],[70.41,73.04],[70.35,73.03],[70.28,73.03],[70.24,73.04],[70.22,73.04],[70.2,73.05],[70.16,73.06],[70.15,73.08],[70.15,73.08],[70.14,73.09],[70.13,73.09],[70.11,73.1],[70.09,73.09],[70.0,73.06],[70.0,73.05],[70.02,73.05],[70.04,73.05],[70.06,73.04],[70.08,73.04],[70.1,73.03],[70.11,73.02],[70.1,73.02],[69.93,73.02],[69.9,73.02],[69.88,73.03],[69.87,73.03],[69.87,73.05],[69.87,73.05],[69.89,73.08],[69.92,73.13],[69.93,73.13],[69.95,73.15],[69.99,73.16],[70.01,73.17],[70.03,73.19],[70.05,73.21],[70.06,73.23],[70.07,73.26],[70.06,73.26],[70.02,73.32],[70.01,73.33],[69.98,73.35],[69.97,73.36],[69.96,73.38],[69.96,73.39],[69.96,73.39],[69.96,73.4],[69.97,73.41],[69.99,73.41],[70.2,73.46],[70.24,73.46],[70.4,73.48],[70.49,73.49],[70.51,73.49],[70.72,73.5],[70.87,73.52],[70.89,73.52],[70.93,73.52],[70.98,73.51],[71.05,73.5],[71.25,73.45],[71.26,73.45],[71.27,73.44],[71.26,73.44],[71.14,73.39],[71.0,73.29],[71.04,73.27],[71.21,73.27],[71.28,73.28]]],[[[179.78,70.94],[179.78,70.93],[179.75,70.92],[179.72,70.91],[179.71,70.9],[179.68,70.9],[179.52,70.88],[179.44,70.87],[179.41,70.88],[179.39,70.88],[179.38,70.89],[179.36,70.89],[179.35,70.89],[179.3,70.89],[179.27,70.89],[179.1,70.87],[179.06,70.86],[178.98,70.85],[178.92,70.83],[178.89,70.82],[178.85,70.81],[178.83,70.8],[178.82,70.8],[178.79,70.8],[178.78,70.81],[178.78,70.83],[178.75,70.89],[178.7,70.93],[178.65,70.99],[178.62,71.03],[178.62,71.04],[178.62,71.05],[178.62,71.06],[178.63,71.07],[178.65,71.09],[178.67,71.1],[178.86,71.21],[178.87,71.22],[178.96,71.24],[179.01,71.26],[179.09,71.28],[179.2,71.3],[179.21,71.31],[179.22,71.31],[179.38,71.38],[179.46,71.41],[179.47,71.41],[179.47,71.42],[179.53,71.44],[179.56,71.45],[179.6,71.45],[179.65,71.45],[179.7,71.45],[179.72,71.46],[179.76,71.47],[179.86,71.49],[179.86,71.5],[179.86,71.5],[179.85,71.51],[179.86,71.52],[179.89,71.52],[179.93,71.53],[179.98,71.54],[180,71.54],[180,71.0],[179.98,71.0],[179.96,70.99],[179.9,70.98],[179.81,70.96],[179.79,70.95],[179.78,70.94]]],[[[24.06,50.62],[23.12,50.39],[22.48,50.37],[22.39,50.68],[21.91,50.81],[21.16,50.38],[20.81,50.36],[20.27,50.1],[19.92,50.19],[19.31,50.27],[18.77,50.18],[18.65,50.64],[18.14,50.99],[18.11,51.77],[18.14,51.82],[18.01,51.88],[17.9,52.18],[18.09,52.39],[18.46,52.39],[18.6,52.5],[18.52,52.55],[18.52,52.66],[18.65,52.72],[18.57,52.82],[18.76,52.93],[18.84,53.07],[18.95,53.04],[18.99,53.13],[19.28,53.17],[19.42,53.11],[19.49,53.17],[19.58,53.08],[20.01,53.04],[20.1,53.18],[20.48,53.13],[20.7,53.32],[21.12,53.27],[22.81,53.81],[22.74,53.95],[22.7,54.41],[22.67,54.49],[22.66,54.57],[22.72,54.73],[22.82,54.79],[22.79,54.9],[22.63,54.95],[22.58,55.01],[21.68,55.35],[21.28,55.86],[20.95,56.07],[20.92,56.1],[20.95,56.47],[20.96,56.61],[21.02,56.68],[21.32,56.85],[21.34,57.18],[21.46,57.25],[21.58,57.37],[21.68,57.46],[21.81,57.48],[22.29,57.57],[22.36,57.59],[22.43,57.62],[22.56,57.62],[22.59,57.51],[22.88,57.33],[23.07,57.26],[23.17,57.05],[23.22,56.98],[23.41,56.89],[23.77,56.87],[24.16,56.98],[24.27,57.03],[24.35,57.16],[24.32,57.34],[24.24,57.73],[24.33,57.84],[24.35,57.86],[24.42,57.95],[24.41,58.11],[24.5,58.21],[24.33,58.31],[24.06,58.11],[23.91,58.22],[23.67,58.24],[23.69,58.67],[23.51,58.58],[23.36,58.77],[23.43,58.86],[23.34,58.97],[23.46,59.01],[23.42,59.12],[23.57,59.14],[24.03,59.18],[24.03,59.24],[24.28,59.28],[24.34,59.37],[24.54,59.32],[24.57,59.37],[24.71,59.35],[24.75,59.45],[25.25,59.36],[25.45,59.49],[25.49,59.42],[25.72,59.46],[26.34,59.45],[26.86,59.37],[27.0,59.32],[27.27,59.34],[27.7,59.3],[27.89,59.35],[28.02,59.45],[28.01,59.46],[27.97,59.52],[27.9,59.53],[27.94,59.65],[28.09,59.66],[28.16,59.59],[28.27,59.56],[28.35,59.6],[28.31,59.66],[28.44,59.73],[28.66,59.64],[28.8,59.67],[28.94,59.82],[29.08,59.91],[29.41,59.86],[29.77,59.74],[29.96,59.74],[30.13,59.81],[29.95,59.99],[29.69,60.13],[29.51,60.14],[28.97,60.11],[28.69,60.15],[28.57,60.2],[28.44,60.34],[28.55,60.53],[28.52,60.62],[28.43,60.6],[28.01,60.51],[27.47,60.43],[27.41,60.34],[27.18,60.44],[26.95,60.38],[26.92,60.32],[26.61,60.35],[26.53,60.4],[26.55,60.57],[26.44,60.33],[26.32,60.27],[26.04,60.25],[25.89,60.24],[25.85,60.12],[25.58,60.26],[25.45,60.14],[25.15,60.11],[24.99,60.03],[24.97,60.09],[24.74,60.04],[24.52,59.99],[24.42,59.87],[24.28,59.94],[23.98,59.88],[23.96,59.93],[23.66,59.84],[23.42,59.83],[23.2,59.82],[22.98,59.93],[22.88,60.06],[23.01,60.21],[22.62,60.2],[22.39,60.12],[22.42,60.29],[22.22,60.26],[21.93,60.38],[21.75,60.41],[21.56,60.51],[21.44,60.69],[21.43,61.02],[21.5,61.18],[21.52,61.38],[21.56,61.48],[21.41,61.7],[21.21,61.87],[21.35,62.17],[21.34,62.34],[21.2,62.44],[21.03,62.48],[21.06,62.61],[21.19,62.76],[21.48,62.89],[21.55,62.97],[21.49,63.12],[21.67,63.19],[21.95,63.13],[22.08,63.1],[22.29,63.2],[22.43,63.39],[22.48,63.6],[22.57,63.72],[22.7,63.58],[22.83,63.58],[23.58,64.08],[24.09,64.38],[24.47,64.64],[24.93,64.82],[25.33,64.8],[25.35,64.94],[25.29,65.0],[25.13,65.08],[25.19,65.24],[25.25,65.42],[25.1,65.54],[24.59,65.58],[24.21,65.79],[23.95,65.8],[23.9,65.9],[23.75,66.04],[23.66,66.28],[23.88,66.64],[23.87,66.82],[23.69,67.13],[23.46,67.41],[23.46,67.65],[23.49,67.83],[23.14,68.09],[22.91,68.19],[22.2,68.28],[21.71,68.41],[21.13,68.71],[20.86,68.92],[20.79,68.93],[21.25,69.23],[21.41,69.27],[21.63,69.24],[22.07,68.96],[22.46,68.69],[22.7,68.63],[23.34,68.62],[24.08,68.72],[24.66,68.5],[24.8,68.43],[25.06,68.59],[25.63,68.81],[25.71,69.03],[25.75,69.26],[25.86,69.45],[26.12,69.64],[26.51,69.81],[27.41,69.85],[27.66,69.89],[27.91,69.89],[28.41,69.69],[28.72,69.64],[29.11,69.49],[29.13,69.37],[28.74,68.95],[28.7,68.79],[28.7,68.7],[29.01,68.83],[29.46,69.13],[29.92,69.35],[30.27,69.41],[30.64,69.42],[30.87,69.51],[31.05,69.64],[31.33,69.66],[31.78,69.78],[32.07,69.88],[32.08,69.82],[32.19,69.64],[32.35,69.51],[32.6,69.42],[33.01,69.39],[33.28,69.34],[33.32,69.07],[33.63,69.21],[33.82,69.19],[34.31,69.17],[34.7,69.16],[34.93,69.15],[35.44,69.15],[36.02,69.02],[37.25,68.79],[37.69,68.63],[38.41,68.24],[38.67,68.15],[39.33,68.04],[39.92,67.94],[40.83,67.66],[40.97,67.53],[40.95,67.33],[41.02,67.2],[41.21,67.07],[41.26,66.94],[41.15,66.78],[40.84,66.56],[40.35,66.32],[39.98,66.2],[39.19,66.04],[38.78,66.0],[38.05,66.01],[37.42,66.09],[36.51,66.17],[35.77,66.26],[35.17,66.41],[34.15,66.63],[33.65,66.68],[33.44,66.7],[33.16,66.91],[32.99,66.99],[32.64,67.05],[32.22,66.99],[32.36,66.92],[32.42,66.89],[32.75,66.65],[32.97,66.58],[33.47,66.31],[33.84,66.18],[34.26,66.11],[34.54,66.0],[34.73,65.8],[34.73,65.61],[34.6,65.48],[34.29,65.4],[34.33,65.35],[34.43,65.11],[34.77,64.68],[34.81,64.46],[34.88,64.37],[35.08,64.29],[35.62,64.25],[36.02,64.2],[36.24,63.92],[36.42,63.88],[36.99,63.84],[37.25,63.78],[37.41,63.75],[37.59,63.81],[37.94,63.85],[38.05,63.99],[38.05,64.13],[37.88,64.31],[37.67,64.34],[37.46,64.3],[37.26,64.31],[37.0,64.41],[36.57,64.76],[36.88,65.07],[37.1,65.07],[37.6,64.85],[38.25,64.7],[39.19,64.51],[39.62,64.48],[40.0,64.54],[40.32,64.46],[40.44,64.56],[40.46,64.75],[40.37,64.86],[39.98,65.15],[39.82,65.44],[39.95,65.58],[40.04,65.6],[40.68,65.79],[41.35,65.96],[41.62,66.07],[42.13,66.39],[42.21,66.41],[42.42,66.38],[43.24,66.25],[43.88,66.01],[44.03,66.01],[44.05,66.04],[44.12,66.27],[44.38,66.61],[44.36,66.91],[44.22,67.09],[43.84,67.16],[43.7,67.27],[44.22,67.72],[44.26,67.83],[44.17,68.1],[43.82,68.33],[43.85,68.47],[44.01,68.49],[44.67,68.39],[45.58,68.44],[45.86,68.38],[46.16,68.11],[46.44,67.91],[46.63,67.7],[46.16,67.68],[45.46,67.64],[45.09,67.54],[44.87,67.31],[44.96,67.23],[45.39,67.1],[45.72,66.85],[46.08,66.76],[46.4,66.72],[46.97,66.78],[47.57,66.82],[47.71,66.89],[47.82,67.11],[47.95,67.38],[48.08,67.56],[48.64,67.65],[49.19,67.84],[49.63,67.94],[50.5,68.15],[51.14,68.27],[51.83,68.41],[52.24,68.54],[52.34,68.34],[52.46,68.3],[52.72,68.35],[52.94,68.47],[53.01,68.68],[53.18,68.76],[53.5,68.82],[53.89,68.79],[53.81,68.61],[53.78,68.34],[53.4,68.3],[53.32,68.23],[53.32,68.14],[53.63,68.05],[53.85,68.09],[54.38,68.16],[54.58,68.16],[54.65,68.07],[54.75,68.05],[54.88,68.11],[55.0,68.21],[55.13,68.4],[55.34,68.48],[55.72,68.54],[56.2,68.57],[56.54,68.55],[57.02,68.45],[57.36,68.46],[57.53,68.49],[57.96,68.7],[58.41,68.83],[58.77,68.86],[59.2,68.77],[59.35,68.7],[59.06,68.5],[59.12,68.39],[59.22,68.35],[59.5,68.29],[59.76,68.3],[59.89,68.4],[59.93,68.58],[60.08,68.62],[60.51,68.59],[60.76,68.67],[60.93,68.82],[60.99,69.0],[60.37,69.47],[60.55,69.54],[60.85,69.71],[61.03,69.74],[61.3,69.73],[62.28,69.71],[62.85,69.62],[63.41,69.55],[63.92,69.46],[64.87,69.23],[65.36,69.18],[66.13,69.0],[66.58,68.89],[67.17,68.65],[67.83,68.37],[68.22,68.2],[68.38,68.18],[68.49,68.22],[69.0,68.7],[69.11,68.83],[68.69,68.81],[68.51,68.84],[68.26,68.94],[68.09,69.14],[68.11,69.43],[67.78,69.56],[66.88,69.62],[66.8,69.74],[66.83,69.82],[66.96,69.96],[67.28,70.07],[67.38,70.14],[67.42,70.22],[67.4,70.6],[67.29,70.71],[66.77,70.74],[66.67,70.87],[66.82,71.11],[66.98,71.21],[67.16,71.23],[67.82,71.42],[68.32,71.63],[68.55,71.82],[68.81,72.1],[69.06,72.64],[69.34,72.83],[69.51,72.8],[70.21,72.73],[70.94,72.79],[71.66,72.83],[71.98,72.8],[72.46,72.82],[72.71,72.77],[72.85,72.64],[72.84,72.49],[72.65,72.12],[72.5,71.96],[71.9,71.59],[71.8,71.43],[72.14,71.28],[72.55,70.98],[72.68,70.82],[72.77,70.46],[72.7,70.36],[72.44,70.19],[72.55,69.66],[72.53,69.07],[72.64,68.81],[72.85,68.64],[73.31,68.52],[73.39,68.44],[73.39,68.38],[73.18,68.17],[72.99,67.79],[72.84,67.65],[72.49,67.44],[71.93,67.16],[71.65,67.07],[71.4,66.95],[71.54,66.71],[71.35,66.66],[70.84,66.55],[70.12,66.72],[69.79,66.75],[69.36,66.74],[69.08,66.69],[69.17,66.55],[69.44,66.42],[69.77,66.33],[70.47,66.24],[70.98,66.2],[71.26,66.22],[71.79,66.16],[72.21,66.17],[72.42,66.33],[72.56,66.5],[73.17,66.64],[73.69,66.87],[73.81,66.99],[73.98,67.26],[74.35,67.4],[74.74,67.69],[74.77,67.85],[74.67,68.1],[74.4,68.35],[74.5,68.59],[74.61,68.64],[74.92,68.71],[75.54,68.77],[76.33,68.78],[76.66,68.67],[77.04,68.46],[77.11,68.11],[76.95,67.65],[77.09,67.53],[77.5,67.43],[78.09,67.41],[78.48,67.48],[78.54,67.61],[78.3,67.69],[77.95,67.77],[77.69,67.76],[77.48,67.8],[77.51,67.97],[77.98,68.15],[78.01,68.26],[77.91,68.32],[77.83,68.47],[77.64,68.82],[77.41,68.94],[77.03,68.98],[76.54,69.08],[76.18,69.14],[75.6,69.21],[75.19,69.13],[74.9,69.08],[74.32,69.16],[73.91,69.15],[73.91,69.27],[73.65,69.76],[73.79,70.05],[74.12,70.37],[74.25,70.57],[74.19,70.67],[73.7,71.14],[73.27,71.37],[73.22,71.46],[73.59,71.71],[74.14,71.75],[74.59,71.87],[74.92,72.03],[75.0,72.13],[75.07,72.42],[75.02,72.72],[75.12,72.69],[75.41,72.66],[75.62,72.63],[75.67,72.41],[75.58,72.17],[75.3,71.9],[75.22,71.65],[75.28,71.45],[75.45,71.32],[75.67,71.2],[76.29,71.14],[77.0,71.06],[77.74,71.03],[78.1,70.84],[78.25,70.83],[78.61,70.85],[78.37,71.25],[78.14,71.37],[77.28,71.42],[76.87,71.45],[76.61,71.52],[76.33,71.72],[76.46,71.87],[77.07,71.89],[77.27,71.81],[77.79,71.78],[78.13,71.85],[78.09,72.18],[78.27,72.21],[78.65,72.26],[79.22,72.27],[79.7,72.18],[80.34,72.01],[80.83,71.77],[81.43,71.61],[81.67,71.57],[82.49,71.57],[82.82,71.65],[82.88,71.49],[82.53,71.32],[82.22,71.2],[82.1,70.86],[82.05,70.42],[82.2,70.36],[82.5,70.71],[82.68,70.84],[82.8,70.82],[83.08,70.58],[83.04,70.24],[83.37,70.34],[83.68,70.46],[83.66,70.6],[83.57,70.65],[83.5,70.81],[83.17,71.18],[83.25,71.28],[83.56,71.62],[83.2,71.83],[82.85,71.94],[82.44,72.05],[82.32,72.22],[82.03,72.25],[81.59,72.35],[80.98,72.45],[80.84,72.58],[80.87,72.84],[80.83,73.01],[80.46,73.31],[80.5,73.42],[80.62,73.5],[80.84,73.55],[81.88,73.6],[83.02,73.61],[83.98,73.67],[84.62,73.74],[84.83,73.6],[85.0,73.58],[85.38,73.7],[85.86,73.82],[86.49,73.87],[86.76,73.79],[86.33,73.63],[86.12,73.45],[86.9,73.56],[87.14,73.6],[87.57,73.77],[87.69,73.9],[87.54,74.1],[87.39,74.18],[86.98,74.3],[86.81,74.44],[86.81,74.54],[86.96,74.78],[87.49,74.96],[87.92,75.06],[89.28,75.47],[89.68,75.51],[89.8,75.52],[90,75.56],[90,75.6],[91.63,75.65],[92.67,75.76],[93.59,75.88],[94.31,76.07],[94.69,76.18],[95.49,76.17],[95.97,76.17],[96.14,76.09],[95.98,75.9],[96.66,75.85],[97.12,75.87],[97.68,75.96],[98.29,76.06],[98.72,76.07],[99.16,76.0],[99.47,75.97],[99.78,76.06],[99.83,76.21],[99.77,76.29],[99.98,76.44],[100.41,76.47],[100.83,76.46],[101.39,76.62],[101.11,76.85],[101.17,77.01],[101.69,77.2],[102.39,77.37],[103.39,77.56],[103.95,77.59],[104.39,77.57],[105.06,77.57],[105.45,77.45],[105.47,77.33],[104.78,77.15],[104.49,77.0],[104.7,76.93],[105.53,76.98],[106.24,76.91],[107.16,76.95],[107.24,76.9],[107.07,76.77],[106.54,76.57],[106.4,76.43],[107.29,76.43],[107.67,76.44],[107.77,76.4],[108.24,76.65],[108.86,76.65],[109.66,76.69],[109.94,76.63],[110.55,76.64],[111.43,76.57],[112.06,76.45],[112.59,76.26],[112.82,76.06],[113.15,76.06],[113.53,76.09],[113.72,75.87],[113.11,75.49],[113.22,75.44],[113.63,75.27],[112.58,74.89],[112.11,74.78],[111.59,74.73],[110.05,74.25],[108.7,73.82],[108.34,73.69],[107.27,73.52],[106.21,73.26],[105.28,72.75],[105.6,72.74],[106.09,72.86],[106.5,73.06],[107.25,73.13],[107.8,73.14],[108.75,73.26],[109.6,73.39],[109.99,73.44],[110.44,73.57],[110.4,73.74],[110.18,73.8],[110.16,73.83],[110.29,73.94],[110.55,74.04],[110.94,73.94],[111.22,73.77],[111.49,73.74],[111.76,73.66],[112.09,73.63],[112.48,73.66],[113.0,73.78],[113.22,73.75],[113.31,73.61],[113.31,73.38],[113.55,73.2],[114.19,73.55],[114.93,73.56],[115.61,73.63],[116.67,73.62],[117.53,73.55],[117.92,73.53],[118.46,73.52],[118.34,73.19],[118.5,73.04],[119.42,72.97],[119.8,72.91],[120.11,72.88],[120.58,72.84],[121.7,72.9],[122.24,72.91],[122.88,72.75],[123.51,73.17],[123.44,73.33],[123.42,73.43],[123.41,73.48],[124.22,73.7],[124.46,73.71],[124.82,73.66],[125.33,73.52],[125.72,73.4],[126.49,73.38],[127.1,73.42],[127.72,73.4],[128.31,73.21],[128.5,73.13],[128.52,72.95],[128.29,72.91],[128.17,72.9],[127.31,72.71],[126.22,72.38],[126.11,72.28],[126.23,72.25],[126.69,72.22],[127.12,72.21],[127.42,72.14],[127.71,72.01],[128.17,71.83],[128.43,71.75],[128.78,71.54],[129.36,71.18],[130.17,70.82],[130.78,70.68],[131.05,70.69],[131.41,70.86],[131.79,71.19],[132.28,71.66],[132.55,71.81],[132.68,71.8],[132.79,71.59],[133.14,71.45],[133.74,71.32],[134.24,71.26],[134.62,71.3],[135.51,71.51],[135.86,71.54],[136.23,71.51],[136.77,71.41],[137.63,71.08],[137.77,71.1],[137.85,71.13],[138.08,71.25],[138.18,71.36],[138.11,71.39],[138.12,71.47],[138.45,71.61],[138.67,71.62],[138.9,71.5],[139.16,71.42],[139.74,71.4],[139.83,71.63],[139.74,71.84],[139.81,72.0],[139.85,72.24],[139.34,72.16],[139.05,72.16],[138.97,72.21],[139.17,72.34],[139.31,72.38],[139.76,72.42],[140.22,72.43],[140.59,72.5],[141.29,72.79],[141.41,72.79],[142.2,72.68],[142.9,72.62],[143.82,72.53],[144.27,72.5],[144.56,72.46],[145.6,72.43],[144.82,72.14],[145.21,72.12],[145.66,72.16],[145.81,72.1],[145.68,71.93],[145.26,71.84],[144.88,71.72],[144.8,71.59],[145.1,71.58],[145.33,71.63],[145.75,71.69],[146.19,71.84],[146.92,72.2],[148.16,72.2],[148.7,72.17],[149.1,72.09],[149.53,72.03],[149.62,71.94],[149.72,71.9],[148.71,71.63],[148.96,71.57],[149.72,71.44],[150.69,71.35],[151.12,71.25],[151.48,71.09],[151.64,70.89],[151.9,70.73],[152.13,70.66],[152.79,70.68],[153.4,70.73],[153.92,70.79],[155.05,70.94],[156.04,70.99],[157.4,70.93],[158.08,70.87],[158.41,70.81],[158.93,70.62],[159.23,70.55],[159.47,70.39],[159.63,70.22],[159.57,70.0],[159.44,69.76],[159.67,69.65],[160.02,69.62],[160.39,69.62],[160.68,69.58],[160.67,69.27],[160.86,69.08],[161.17,69.16],[161.42,69.35],[161.96,69.53],[162.12,69.56],[162.27,69.54],[163.04,69.55],[163.72,69.67],[164.05,69.66],[164.32,69.46],[164.64,69.41],[165.33,69.41],[166.31,69.38],[166.7,69.43],[167.32,69.66],[167.5,69.57],[167.92,69.33],[168.1,69.23],[168.59,69.11],[168.99,68.96],[169.11,68.78],[169.39,68.72],[170.09,68.78],[170.83,68.92],[170.9,69.03],[170.79,69.18],[170.43,69.56],[170.06,69.61],[170.24,69.76],[170.45,70.02],[171.3,69.98],[171.85,69.94],[172.36,69.91],[172.91,69.83],[173.01,69.69],[173.64,69.76],[174.57,69.79],[175.61,69.78],[176.19,69.71],[176.55,69.62],[177.08,69.53],[177.7,69.49],[178.04,69.41],[178.63,69.26],[178.96,69.23],[179.28,69.15],[180,68.98],[180,65.07],[180,64.95],[179.31,64.79],[179.02,64.77],[178.73,64.61],[178.47,64.58],[178.0,64.55],[177.84,64.58],[177.43,64.61],[177.37,64.76],[177.25,64.86],[177.03,64.84],[177.13,64.93],[176.71,64.78],[176.33,64.77],[176.18,64.87],[175.97,64.9],[176.16,64.68],[175.9,64.55],[176.04,64.5],[176.47,64.41],[176.75,64.57],[176.93,64.55],[177.08,64.52],[177.08,64.3],[177.19,64.21],[177.53,64.09],[178.01,64.19],[177.81,64.05],[178.15,64.16],[178.18,64.01],[178.29,63.91],[178.37,63.75],[178.4,63.66],[178.08,63.43],[178.34,63.46],[178.5,63.38],[178.71,63.15],[178.94,63.08],[179.0,62.97],[178.93,62.77],[179.29,62.82],[179.23,62.64],[179.24,62.53],[179.05,62.39],[178.74,62.3],[178.45,62.32],[178.25,62.38],[177.69,62.45],[177.29,62.49],[177.13,62.55],[177.19,62.67],[176.97,62.69],[176.83,62.68],[176.58,62.43],[176.55,62.38],[175.17,61.97],[174.65,61.89],[174.54,61.89],[174.35,61.8],[174.25,61.71],[173.93,61.62],[173.48,61.6],[173.34,61.55],[173.13,61.37],[172.92,61.28],[172.49,61.26],[172.11,60.98],[172.0,60.86],[171.25,60.65],[171.07,60.45],[170.52,60.34],[170.34,60.28],[170.27,60.15],[170.27,60.01],[170.06,59.88],[169.88,59.87],[169.61,60.01],[169.53,60.13],[169.46,60.3],[169.15,60.43],[168.67,60.45],[168.21,60.43],[167.69,60.36],[167.1,60.27],[166.87,60.17],[166.27,59.83],[166.03,59.71],[165.94,59.77],[166.2,60.35],[165.96,60.31],[165.78,60.35],[165.42,60.12],[165.11,60.03],[164.93,59.96],[164.88,59.73],[164.58,59.66],[164.44,59.74],[164.33,59.96],[164.11,60.08],[163.65,59.79],[163.77,59.88],[163.52,59.86],[163.39,59.81],[163.11,59.58],[163.04,59.46],[163.1,59.36],[163.25,59.29],[162.84,59.06],[162.75,58.97],[162.91,58.89],[162.62,58.73],[162.22,58.49],[161.94,58.26],[161.8,58.1],[161.8,57.86],[161.99,57.72],[162.2,57.68],[162.83,57.7],[163.08,57.63],[163.13,57.55],[162.93,57.37],[162.59,57.17],[162.51,57.03],[162.61,56.8],[162.74,56.6],[163.1,56.56],[163.17,56.38],[163.17,56.11],[163.01,55.94],[162.77,55.92],[162.55,56.01],[162.55,56.11],[162.72,56.34],[162.52,56.35],[162.32,56.24],[161.86,55.86],[161.61,55.56],[161.5,55.29],[161.65,54.99],[161.94,54.85],[162.01,54.74],[161.88,54.56],[161.57,54.42],[161.14,54.41],[160.84,54.45],[160.68,54.45],[160.4,54.37],[160.03,54.15],[159.93,54.09],[159.7,53.86],[159.63,53.71],[159.68,53.58],[159.9,53.4],[159.92,53.3],[159.9,53.24],[159.59,53.13],[159.32,53.13],[158.79,52.96],[158.46,52.83],[158.43,52.71],[158.46,52.59],[158.39,52.2],[158.26,52.02],[157.9,51.67],[157.21,51.23],[156.82,51.0],[156.7,50.96],[156.56,51.23],[156.47,51.6],[156.36,51.91],[156.33,52.27],[156.18,52.61],[156.04,52.78],[155.94,53.19],[155.71,53.8],[155.71,54.06],[155.64,54.32],[155.63,54.47],[155.58,54.55],[155.47,54.92],[155.45,55.28],[155.51,55.64],[155.63,56.27],[155.7,56.37],[156.24,56.76],[156.56,56.95],[156.81,57.26],[156.88,57.36],[156.84,57.51],[156.78,57.58],[157.51,57.75],[157.96,57.88],[158.33,58.03],[159.1,58.42],[159.39,58.61],[159.59,58.8],[159.65,58.95],[160.45,59.35],[160.84,59.55],[161.54,59.94],[161.7,60.07],[161.82,60.27],[162.38,60.46],[163.33,60.69],[163.44,60.89],[163.79,61.13],[163.83,61.23],[163.58,61.33],[163.94,61.74],[163.93,61.96],[164.01,62.13],[164.28,62.22],[165.05,62.26],[165.29,62.29],[165.07,62.44],[164.14,62.53],[163.82,62.49],[163.34,62.41],[162.99,62.33],[163.01,62.18],[162.71,61.76],[162.77,61.67],[162.75,61.61],[162.45,61.56],[162.24,61.51],[161.54,61.19],[160.64,60.72],[160.12,60.56],[160.01,60.59],[160.08,60.74],[160.24,60.95],[159.82,60.98],[159.74,61.1],[159.86,61.3],[160.06,61.51],[160.15,61.66],[160.12,61.75],[159.97,61.77],[159.45,61.56],[159.23,61.55],[159.11,61.71],[158.84,61.78],[158.12,61.72],[157.53,61.67],[157.1,61.63],[156.83,61.56],[156.42,61.4],[156.38,61.21],[156.42,61.12],[155.85,60.88],[155.67,60.78],[155.73,60.56],[155.15,60.39],[154.69,60.2],[154.32,59.98],[154.09,59.78],[153.94,59.57],[153.94,59.4],[154.18,59.3],[154.75,59.28],[154.88,59.16],[154.91,59.1],[154.39,59.04],[153.92,58.92],[153.45,58.95],[153.14,59.01],[152.97,59.0],[152.83,58.95],[152.5,58.77],[152.19,58.93],[151.69,58.75],[151.35,58.69],[151.14,58.73],[151.01,58.79],[151.06,58.92],[151.39,58.98],[151.78,59.04],[151.86,59.06],[151.52,59.34],[151.14,59.44],[150.66,59.43],[150.28,59.36],[150.12,59.39],[149.73,59.6],[149.38,59.61],[149.05,59.59],[148.73,59.48],[148.75,59.3],[148.63,59.19],[148.42,59.1],[148.1,59.21],[147.92,59.26],[147.35,59.23],[147.0,59.19],[146.71,59.22],[146.31,59.29],[146.05,59.25],[146.02,59.2],[145.96,58.98],[145.65,58.98],[145.51,59.04],[145.5,59.21],[145.4,59.33],[144.85,59.28],[144.39,59.31],[143.82,59.3],[143.3,59.27],[142.93,59.28],[142.85,59.27],[142.36,59.14],[141.92,58.94],[141.59,58.73],[141.35,58.5],[140.99,58.39],[140.59,58.24],[140.5,58.17],[140.03,57.64],[139.29,57.34],[138.87,57.12],[138.35,56.8],[137.6,56.24],[137.23,55.98],[136.52,55.59],[136.12,55.42],[135.27,55.03],[134.99,54.85],[134.89,54.72],[134.9,54.56],[135.09,54.43],[135.31,54.41],[135.73,54.41],[136.2,54.47],[136.49,54.46],[136.34,53.89],[136.35,53.7],[136.49,53.65],[136.77,53.7],[137.04,53.86],[137.38,53.81],[137.33,53.74],[137.12,53.59],[137.07,53.49],[137.24,53.46],[137.98,53.46],[138.23,53.57],[138.41,53.81],[138.42,54.09],[138.76,54.09],[139.05,54.09],[139.38,54.08],[139.81,53.96],[140.1,53.8],[140.32,53.54],[140.7,53.28],[140.89,53.2],[141.12,53.05],[141.09,52.99],[140.83,52.83],[141.03,52.73],[141.09,52.59],[140.94,52.26],[141.16,52.21],[141.26,52.1],[141.13,51.87],[140.97,51.69],[140.73,51.44],[140.4,50.83],[140.32,50.52],[140.35,50.42],[140.46,50.1],[140.37,49.69],[140.33,49.36],[140.15,48.72],[140.08,48.5],[139.21,47.81],[139.05,47.62],[138.95,47.32],[138.68,47.13],[138.35,46.87],[138.24,46.71],[137.98,46.27],[137.72,46.0],[137.3,45.65],[136.49,44.97],[136.29,44.75],[136.18,44.55],[136.03,44.4],[135.69,44.22],[135.41,44.04],[135.16,43.72],[134.96,43.52],[134.57,43.21],[134.14,42.99],[133.31,42.78],[132.95,42.67],[132.83,42.86],[132.59,42.9],[132.48,42.88],[132.33,42.96],[132.18,43.19],[131.88,43.07],[131.67,43.03],[131.87,43.29],[131.58,43.21],[131.36,42.99],[131.06,42.75],[130.47,42.3],[130.44,42.28],[130.36,42.45],[130.23,42.65],[130.28,42.68],[130.84,42.89],[131.07,43.08],[131.14,43.23],[131.09,43.36],[131.13,43.42],[131.14,43.59],[131.15,43.87],[131.12,44.16],[130.97,44.57],[130.99,44.82],[131.74,45.26],[131.92,45.24],[132.23,45.13],[132.53,45.03],[132.78,44.99],[132.99,45.14],[133.24,45.45],[133.38,45.65],[133.67,46.13],[133.91,46.61],[134.03,47.02],[134.17,47.33],[134.46,47.51],[134.72,47.69],[134.71,47.92],[134.66,48.1],[134.63,48.21],[134.52,48.26],[134.11,48.25],[133.58,48.16],[132.97,48.02],[132.54,47.88],[132.27,47.78],[131.52,47.75],[131.23,47.75],[130.92,47.73],[130.81,47.93],[130.61,48.51],[130.48,48.9],[130.38,48.96],[129.19,49.34],[128.5,49.46],[127.94,49.61],[127.71,49.7],[127.52,49.87],[127.1,50.73],[126.68,51.45],[126.19,52.52],[125.85,52.95],[125.51,53.16],[125.27,53.17],[124.64,53.11],[124.34,53.2],[123.87,53.41],[123.35,53.51],[122.94,53.49],[122.4,53.44],[122.02,53.38],[121.19,53.32],[120.92,53.26],[120.7,53.18],[120.17,52.83],[120.0,52.7],[119.94,52.59],[120.31,52.63],[120.56,52.61],[120.77,52.48],[120.82,52.36],[120.75,52.01],[120.13,51.73],[119.86,51.49],[119.56,51.14],[119.37,50.89],[119.18,50.7],[119.14,50.59],[119.16,50.52],[119.32,50.37],[119.35,50.23],[119.29,50.12],[118.94,49.97],[117.84,49.63],[117.64,49.59],[117.49,49.59],[116.98,49.84],[116.78,49.92],[116.76,49.93],[116.57,50.01],[116.29,50.0],[115.73,49.86],[115.35,49.94],[115.19,50.0],[114.86,50.23],[114.52,50.3],[114.25,50.28],[114.1,50.27],[113.57,50.06],[113.23,49.83],[113.03,49.65],[112.76,49.54],[112.52,49.46],[112.01,49.4],[111.62,49.35],[111.38,49.32],[110.92,49.29],[110.2,49.24],[109.87,49.26],[109.42,49.3],[109.02,49.4],[108.42,49.52],[108.06,49.69],[107.55,49.83],[107.27,49.98],[106.67,50.31],[106.32,50.42],[105.68,50.43],[105.16,50.44],[104.8,50.41],[103.68,50.17],[103.38,50.22],[102.64,50.46],[102.45,50.61],[102.27,50.81],[102.18,51.03],[102.18,51.27],[102.12,51.36],[101.77,51.43],[101.33,51.57],[101.01,51.67],[100.22,51.82],[99.76,51.9],[99.3,51.95],[98.92,52.04],[97.61,52.15],[97.32,52.83],[95.87,53.8],[95.19,53.8],[93.57,52.35],[94.21,51.32],[93.32,50.62],[93.01,50.64],[92.59,50.71],[92.16,50.76],[91.78,50.67],[91.1,50.46],[90,50.31],[90,50.13],[89.8,49.82],[89.79,49.81],[89.46,49.64],[89.19,49.57],[88.57,49.54],[88.3,49.44],[87.94,49.25],[87.87,49.23],[87.76,49.2],[87.5,49.2],[87.4,49.19],[87.15,49.18],[86.91,49.11],[86.78,48.99],[86.78,48.87],[86.76,48.65],[86.62,48.55],[86.49,48.53],[85.95,48.49],[85.76,48.36],[85.61,48.1],[85.65,47.76],[85.75,47.44],[85.68,47.27],[85.48,47.09],[85.29,47.05],[84.97,47.02],[84.34,47.05],[84.07,47.12],[83.74,47.18],[83.25,47.29],[83.06,47.07],[82.83,46.55],[82.63,46.2],[82.5,45.92],[82.44,45.74],[82.72,45.5],[82.78,45.38],[82.71,45.27],[82.6,45.2],[82.43,45.17],[81.92,45.27],[81.69,45.36],[81.53,45.33],[81.05,45.24],[80.24,45.12],[80.06,45.04],[79.96,44.9],[79.93,44.81],[80.04,44.72],[80.2,44.75],[80.42,44.69],[80.43,44.07],[80.59,43.79],[80.72,43.59],[80.77,43.38],[80.67,43.23],[80.36,42.99],[80.21,42.81],[80.2,42.63],[80.26,42.24],[80.28,42.15],[80.26,42.08],[80.11,42.0],[79.67,41.9],[79.07,41.74],[78.87,41.68],[78.69,41.54],[78.4,41.23],[78.11,41.07],[77.9,41.03],[77.69,41.02],[77.13,41.13],[77.02,41.11],[76.81,40.9],[76.6,40.55],[76.48,40.44],[76.08,40.38],[75.86,40.31],[75.7,40.34],[75.62,40.59],[75.59,40.62],[75.43,40.61],[74.65,40.28],[74.01,39.96],[73.88,39.88],[73.2,40.52],[72.85,40.61],[72.24,39.91],[71.46,39.74],[71.46,39.13],[72.07,39.13],[72.71,37.19],[72.45,36.97],[72.18,36.94],[71.85,36.72],[71.69,36.7],[71.52,36.71],[71.47,36.75],[71.39,36.94],[71.3,37.17],[71.39,37.37],[71.43,37.72],[71.44,37.83],[71.37,37.92],[71.15,37.88],[71.22,38.14],[70.96,38.35],[70.89,38.37],[70.72,38.36],[70.59,38.29],[70.53,38.13],[70.33,37.94],[70.31,37.74],[70.32,37.63],[70.22,37.53],[70.02,37.46],[69.96,37.46],[69.7,37.53],[69.57,37.51],[69.53,37.42],[69.54,37.28],[69.4,37.14],[69.31,37.08],[69.14,37.08],[68.85,37.18],[68.71,37.18],[68.45,37.05],[68.18,36.9],[67.97,36.83],[67.86,36.85],[67.8,36.92],[67.78,36.94],[67.62,37.16],[67.52,37.21],[66.97,37.24],[66.68,37.24],[66.63,37.25],[65.98,37.36],[65.72,37.49],[64.81,38.24],[63.34,38.89],[61.59,39.35],[59.84,39.16],[58.64,38.7],[57.23,38.19],[56.75,38.24],[56.52,38.26],[56.36,38.2],[56.13,38.05],[55.98,38.03],[55.63,38.05],[55.36,38.04],[55.17,37.97],[54.96,37.83],[54.68,37.53],[54.47,37.4],[54.21,37.34],[54.02,37.35],[53.99,37.52],[53.93,37.82],[53.88,38.03],[53.94,38.16],[53.94,38.33],[53.94,38.57],[53.99,38.66],[54.03,38.79],[54.07,38.9],[54.03,38.99],[53.92,39.05],[53.77,39.14],[53.68,39.25],[53.66,39.32],[53.58,39.32],[53.5,39.34],[53.33,39.39],[53.25,39.3],[53.21,39.4],[53.25,39.45],[53.31,39.57],[53.37,39.52],[53.54,39.54],[53.74,39.5],[53.79,39.49],[53.81,39.55],[53.67,39.64],[53.55,39.65],[53.52,39.78],[53.59,39.89],[53.69,39.98],[53.51,40.0],[53.36,39.96],[53.19,39.96],[53.05,40.0],[52.99,39.93],[52.91,40.05],[52.85,40.18],[52.85,40.33],[52.83,40.47],[52.9,40.56],[52.95,40.71],[52.97,40.82],[53.02,40.95],[53.06,41.05],[53.15,40.9],[53.18,40.84],[53.26,40.76],[53.44,40.8],[53.61,40.75],[53.66,40.81],[53.65,40.88],[53.7,40.88],[53.76,40.87],[53.79,40.73],[53.84,40.64],[53.98,40.65],[54.11,40.68],[54.22,40.73],[54.33,40.69],[54.42,40.66],[54.45,40.72],[54.39,40.8],[54.37,40.9],[54.45,40.92],[54.5,40.85],[54.61,40.81],[54.72,40.85],[54.82,40.88],[54.83,40.98],[54.75,41.14],[54.6,41.24],[54.36,41.39],[54.17,41.48],[54.14,41.63],[54.12,41.78],[54.02,41.86],[54.02,41.95],[54.02,42.05],[53.99,42.11],[53.74,42.13],[53.46,42.1],[53.27,42.09],[53.07,42.03],[52.98,41.9],[52.94,41.77],[53.0,41.68],[52.97,41.56],[52.93,41.38],[52.96,41.27],[52.97,41.14],[52.86,41.39],[52.69,41.53],[52.71,41.61],[52.68,41.69],[52.56,41.76],[52.6,41.94],[52.57,42.02],[52.52,42.07],[52.58,42.19],[52.67,42.28],[52.74,42.42],[52.75,42.56],[52.83,42.65],[52.76,42.76],[52.58,42.83],[52.38,42.8],[52.3,42.87],[52.16,42.85],[52.07,42.83],[51.98,42.91],[51.88,43.05],[51.74,43.18],[51.58,43.18],[51.42,43.17],[51.42,43.26],[51.46,43.39],[51.37,43.56],[51.26,43.61],[51.17,43.72],[50.99,44.08],[50.96,44.2],[50.7,44.26],[50.39,44.29],[50.33,44.37],[50.33,44.56],[50.41,44.62],[50.54,44.64],[50.72,44.64],[50.87,44.63],[51.09,44.56],[51.33,44.48],[51.41,44.52],[51.58,44.55],[51.49,44.63],[51.37,44.68],[51.19,44.77],[51.1,44.88],[51.22,45.04],[51.34,45.06],[51.38,45.17],[51.46,45.31],[51.51,45.37],[51.63,45.35],[51.77,45.39],[51.85,45.44],[52.0,45.38],[52.11,45.38],[52.61,45.4],[53.06,45.34],[53.28,45.33],[53.21,45.36],[53.06,45.45],[52.84,45.51],[52.83,45.64],[52.92,45.73],[53.05,45.83],[53.15,45.96],[53.2,46.19],[53.26,46.32],[53.19,46.42],[53.12,46.5],[53.17,46.59],[53.28,46.68],[53.23,46.73],[53.19,46.87],[53.02,46.92],[52.86,46.94],[52.56,46.98],[52.47,46.91],[52.38,46.87],[52.14,46.84],[51.94,46.89],[51.79,47.01],[51.67,47.04],[51.37,47.09],[51.12,47.06],[50.82,46.92],[50.63,46.91],[50.27,46.69],[49.95,46.56],[49.72,46.53],[49.53,46.54],[49.41,46.43],[49.31,46.35],[49.24,46.26],[49.06,46.14],[48.89,46.08],[48.83,46.08],[48.83,46.02],[48.83,45.92],[48.77,45.89],[48.64,45.98],[48.48,45.89],[48.3,45.77],[48.01,45.71],[47.87,45.68],[47.75,45.71],[47.67,45.75],[47.63,45.73],[47.6,45.66],[47.66,45.54],[47.56,45.45],[47.48,45.32],[47.39,45.17],[47.25,44.99],[47.17,44.86],[47.03,44.79],[46.87,44.68],[46.81,44.54],[46.85,44.45],[47.0,44.36],[47.14,44.34],[47.22,44.2],[47.33,44.19],[47.44,44.03],[47.57,43.84],[47.54,43.67],[47.49,43.58],[47.19,43.38],[47.25,42.78],[48.22,41.47],[48.2,41.46],[48.06,41.31],[47.99,41.22],[47.82,41.2],[47.62,41.26],[47.35,41.3],[47.35,41.44],[47.22,41.57],[47.17,41.57],[47.13,41.62],[46.91,41.75],[46.85,41.84],[46.77,41.84],[46.67,41.81],[46.66,41.89],[46.56,41.88],[46.5,41.96],[46.39,42.0],[46.29,41.98],[46.16,42.01],[46.04,42.05],[45.91,42.12],[45.75,42.25],[45.81,42.39],[45.86,42.47],[45.81,42.54],[45.65,42.55],[45.48,42.55],[45.38,42.62],[45.3,42.68],[45.2,42.68],[45.14,42.72],[45.03,42.77],[44.98,42.77],[44.94,42.74],[44.87,42.67],[44.79,42.73],[44.67,42.76],[44.51,42.76],[44.41,42.73],[44.37,42.69],[44.3,42.61],[44.17,42.61],[44.05,42.56],[43.96,42.59],[42.88,41.55],[42.69,41.56],[42.35,41.4],[42.25,41.37],[42.03,41.4],[41.48,41.44],[41.52,41.47],[41.67,41.73],[41.68,41.79],[41.65,42.12],[41.5,42.61],[41.41,42.79],[41.12,43.02],[40.97,43.08],[40.56,43.15],[40.25,43.27],[40.1,43.38],[39.46,43.83],[38.92,44.21],[38.56,44.39],[38.28,44.42],[38.11,44.49],[37.88,44.72],[37.77,44.74],[37.62,44.67],[37.47,44.69],[37.32,44.92],[36.96,45.23],[37.23,45.31],[37.46,45.31],[37.66,45.35],[37.71,45.58],[37.87,45.79],[37.99,46.01],[38.23,46.02],[38.46,46.08],[38.26,46.32],[37.97,46.44],[37.76,46.6],[37.87,46.66],[38.03,46.67],[38.4,46.72],[38.72,46.88],[39.28,47.07],[39.19,47.24],[39.16,47.27],[38.8,47.23],[38.21,47.15],[37.86,47.1],[37.42,47.08],[37.19,46.89],[36.86,46.81],[36.35,46.78],[35.85,46.66],[35.62,46.52],[35.42,46.49],[35.21,46.64],[35.05,46.36],[34.91,46.27],[34.69,46.25],[34.5,46.28],[34.06,46.26],[33.84,46.19],[34.13,46.06],[35.01,45.61],[35.03,45.53],[34.99,45.45],[35.06,45.34],[35.32,45.32],[35.55,45.38],[35.85,45.45],[36.32,45.44],[36.52,45.39],[36.42,45.27],[36.37,45.16],[36.26,45.1],[36.0,45.04],[35.87,45.03],[35.6,45.1],[35.39,45.08],[35.07,44.86],[34.61,44.84],[34.37,44.76],[34.13,44.54],[34.01,44.49],[33.66,44.52],[33.4,44.6],[33.56,44.94],[33.52,45.12],[33.4,45.25],[33.01,45.38],[32.93,45.39],[32.64,45.38],[32.58,45.36],[32.5,45.45],[32.9,45.67],[33.19,45.79],[33.54,45.87],[33.64,45.93],[33.53,46.13],[33.33,46.17],[32.97,46.15],[32.52,46.13],[32.2,46.17],[32.11,46.22],[31.93,46.41],[32.19,46.59],[31.95,46.86],[31.78,46.7],[31.54,46.7],[31.09,46.64],[30.83,46.58],[30.52,46.25],[30.43,46.18],[30.07,46.28],[29.96,46.37],[29.81,46.51],[29.43,46.82],[29.12,47.28],[28.91,47.82],[28.43,48.1],[28.42,48.08],[28.39,48.1],[28.39,48.14],[28.35,48.15],[28.3,48.13],[28.32,48.16],[28.36,48.2],[28.35,48.23],[28.3,48.23],[28.22,48.21],[28.16,48.22],[28.11,48.22],[28.08,48.25],[28.06,48.28],[28.01,48.31],[27.94,48.31],[27.88,48.34],[27.82,48.39],[27.72,48.43],[27.71,48.44],[27.65,48.75],[27.49,48.75],[27.49,48.67],[27.11,48.83],[27.11,48.64],[26.99,48.68],[26.48,48.59],[26.22,49.13],[26.25,49.75],[25.67,49.76],[25.51,49.84],[25.38,50.05],[25.2,50.16],[25.15,50.34],[24.4,50.63],[24.06,50.62]],[[30.29,61.01],[30.41,60.93],[30.44,60.9],[30.44,60.87],[30.46,60.86],[30.5,60.84],[30.53,60.81],[30.53,60.77],[30.53,60.74],[30.5,60.73],[30.5,60.7],[30.52,60.65],[30.53,60.63],[30.66,60.59],[30.72,60.56],[30.76,60.52],[30.77,60.49],[30.78,60.45],[30.8,60.45],[30.82,60.46],[30.83,60.46],[30.85,60.44],[30.96,60.26],[31.02,60.19],[31.11,60.15],[31.11,60.13],[31.1,60.08],[31.11,60.06],[31.14,60.03],[31.15,60.01],[31.06,59.96],[31.04,59.95],[31.06,59.94],[31.11,59.93],[31.18,59.93],[31.27,59.94],[31.35,59.93],[31.4,59.91],[31.45,59.91],[31.51,59.92],[31.55,59.94],[31.57,59.97],[31.57,60.0],[31.54,60.03],[31.55,60.07],[31.61,60.13],[31.61,60.14],[31.6,60.14],[31.59,60.16],[31.6,60.17],[31.7,60.24],[31.84,60.25],[32.06,60.23],[32.2,60.2],[32.26,60.15],[32.36,60.15],[32.5,60.18],[32.58,60.21],[32.61,60.25],[32.61,60.29],[32.59,60.33],[32.59,60.35],[32.66,60.37],[32.68,60.39],[32.66,60.43],[32.62,60.48],[32.6,60.51],[32.6,60.53],[32.64,60.54],[32.72,60.52],[32.78,60.49],[32.82,60.48],[32.84,60.5],[32.91,60.59],[32.94,60.64],[32.94,60.67],[32.9,60.69],[32.84,60.71],[32.81,60.76],[32.81,60.83],[32.77,60.89],[32.64,60.97],[32.63,60.99],[32.59,61.0],[32.58,61.01],[32.58,61.04],[32.56,61.08],[32.53,61.12],[32.36,61.18],[31.9,61.32],[31.87,61.35],[31.76,61.38],[31.7,61.42],[31.64,61.46],[31.62,61.46],[31.62,61.44],[31.62,61.43],[31.6,61.42],[31.58,61.44],[31.53,61.5],[31.49,61.55],[31.36,61.63],[31.33,61.63],[31.33,61.62],[31.31,61.61],[31.29,61.62],[31.26,61.64],[31.24,61.64],[31.17,61.63],[31.16,61.62],[31.1,61.62],[31.07,61.65],[31.06,61.69],[31.03,61.71],[30.91,61.74],[30.9,61.75],[30.89,61.76],[30.85,61.78],[30.76,61.73],[30.59,61.61],[30.59,61.58],[30.62,61.56],[30.61,61.54],[30.55,61.54],[30.51,61.53],[30.49,61.51],[30.48,61.49],[30.47,61.49],[30.29,61.52],[30.24,61.51],[30.23,61.49],[30.25,61.47],[30.25,61.46],[30.24,61.45],[30.22,61.43],[30.21,61.42],[30.2,61.39],[30.18,61.37],[30.18,61.36],[30.2,61.35],[30.19,61.33],[30.17,61.31],[30.13,61.31],[30.09,61.3],[30.09,61.27],[30.09,61.26],[30.08,61.24],[30.03,61.25],[29.95,61.29],[29.89,61.29],[29.86,61.27],[29.86,61.25],[29.86,61.24],[29.84,61.23],[29.82,61.22],[29.86,61.19],[30.12,61.09],[30.29,61.01]],[[78.82,46.79],[78.79,46.78],[78.79,46.75],[78.78,46.73],[78.76,46.72],[78.63,46.75],[78.58,46.72],[78.55,46.71],[78.5,46.66],[78.48,46.62],[78.45,46.62],[78.43,46.65],[78.4,46.66],[78.37,46.64],[78.36,46.62],[78.35,46.51],[78.32,46.48],[78.3,46.47],[78.17,46.58],[78.14,46.59],[77.86,46.65],[77.69,46.66],[77.64,46.66],[77.6,46.64],[77.37,46.62],[77.27,46.61],[77.23,46.57],[77.17,46.56],[77.08,46.62],[76.86,46.64],[76.79,46.63],[76.7,46.67],[76.67,46.67],[76.6,46.66],[76.5,46.64],[76.45,46.64],[76.41,46.66],[76.34,46.73],[76.3,46.75],[76.2,46.78],[75.95,46.8],[75.83,46.82],[75.43,46.74],[75.34,46.73],[75.2,46.76],[75.16,46.77],[75.09,46.81],[74.97,46.81],[74.94,46.82],[74.8,46.78],[74.63,46.75],[74.55,46.69],[74.52,46.62],[74.43,46.58],[74.37,46.52],[74.28,46.47],[74.09,46.43],[74.02,46.37],[73.95,46.29],[74.03,46.22],[74.02,46.2],[73.98,46.19],[73.9,46.21],[73.83,46.19],[73.77,46.21],[73.75,46.2],[73.68,46.18],[73.65,46.15],[73.65,46.09],[73.66,46.06],[73.74,46.01],[73.72,45.98],[73.63,45.91],[73.56,45.82],[73.49,45.83],[73.46,45.83],[73.44,45.81],[73.45,45.78],[73.52,45.76],[73.53,45.73],[73.49,45.69],[73.44,45.66],[73.44,45.61],[73.47,45.58],[73.61,45.51],[73.66,45.44],[73.84,45.26],[73.88,45.24],[73.98,45.2],[74.0,45.19],[74.01,45.15],[73.99,45.11],[74.02,45.06],[74.01,45.03],[74.02,45.01],[74.06,44.99],[74.1,44.99],[74.12,45.0],[74.09,45.04],[74.1,45.06],[74.14,45.07],[74.14,45.1],[74.16,45.27],[74.15,45.32],[74.13,45.34],[74.09,45.34],[74.08,45.35],[74.09,45.51],[74.1,45.54],[74.23,45.62],[74.29,45.65],[74.31,45.67],[74.31,45.7],[74.25,45.74],[74.24,45.75],[74.25,45.76],[74.29,45.76],[74.3,45.79],[74.25,45.94],[74.26,45.98],[74.28,46.0],[74.37,46.02],[74.55,46.01],[74.6,46.02],[74.77,46.11],[74.79,46.13],[74.82,46.22],[74.86,46.29],[74.89,46.38],[74.91,46.4],[75.01,46.42],[75.07,46.45],[75.09,46.46],[75.12,46.45],[75.15,46.44],[75.21,46.43],[75.24,46.45],[75.26,46.47],[75.28,46.51],[75.3,46.52],[75.33,46.51],[75.35,46.47],[75.41,46.47],[75.45,46.5],[75.43,46.54],[75.4,46.61],[75.42,46.64],[75.46,46.67],[75.51,46.68],[75.55,46.67],[75.56,46.65],[75.56,46.65],[75.55,46.63],[75.51,46.64],[75.49,46.63],[75.49,46.6],[75.51,46.57],[75.56,46.53],[75.61,46.51],[75.71,46.52],[75.87,46.54],[75.91,46.54],[76.03,46.51],[76.18,46.53],[76.24,46.55],[76.46,46.54],[76.74,46.53],[76.85,46.49],[77.0,46.46],[77.1,46.45],[77.17,46.49],[77.28,46.47],[77.36,46.5],[77.43,46.5],[77.56,46.44],[77.65,46.42],[77.73,46.41],[77.78,46.42],[77.82,46.44],[77.87,46.43],[78.02,46.34],[78.08,46.33],[78.13,46.32],[78.16,46.32],[78.23,46.34],[78.32,46.35],[78.37,46.34],[78.41,46.3],[78.45,46.3],[78.46,46.31],[78.44,46.35],[78.44,46.38],[78.47,46.39],[78.54,46.4],[78.63,46.38],[78.71,46.4],[78.79,46.38],[78.89,46.37],[78.97,46.41],[79.02,46.45],[79.07,46.53],[79.09,46.58],[79.16,46.6],[79.22,46.61],[79.24,46.63],[79.25,46.65],[79.24,46.68],[79.22,46.72],[79.18,46.76],[79.12,46.8],[79.08,46.81],[79.05,46.81],[79.02,46.79],[79.02,46.77],[78.99,46.75],[78.93,46.79],[78.87,46.8],[78.82,46.79]],[[109.96,55.67],[109.85,55.75],[109.76,55.77],[109.67,55.78],[109.58,55.77],[109.51,55.73],[109.31,55.61],[109.24,55.57],[109.19,55.54],[109.19,55.46],[109.21,55.41],[109.2,55.26],[109.17,55.19],[109.11,55.1],[109.05,55.03],[108.95,54.98],[108.92,54.95],[108.94,54.93],[108.93,54.9],[108.88,54.85],[108.85,54.8],[108.83,54.74],[108.79,54.67],[108.72,54.6],[108.59,54.49],[108.55,54.43],[108.52,54.35],[108.47,54.28],[108.41,54.21],[108.36,54.17],[108.3,54.08],[108.28,54.04],[108.22,53.98],[108.06,53.85],[107.79,53.71],[107.63,53.61],[107.58,53.55],[107.55,53.5],[107.55,53.45],[107.53,53.44],[107.23,53.32],[107.07,53.24],[106.85,53.1],[106.78,53.04],[106.77,53.02],[106.87,53.03],[106.9,53.0],[106.88,52.97],[106.78,52.91],[106.76,52.87],[106.7,52.83],[106.58,52.74],[106.54,52.71],[106.45,52.66],[106.29,52.59],[106.06,52.51],[105.86,52.39],[105.69,52.22],[105.57,52.11],[105.42,52.03],[105.34,52.01],[105.29,51.98],[105.24,51.94],[105.17,51.91],[105.05,51.88],[104.94,51.87],[104.87,51.87],[104.81,51.87],[104.72,51.85],[104.66,51.81],[104.54,51.78],[104.34,51.78],[104.13,51.77],[103.79,51.73],[103.74,51.72],[103.72,51.71],[103.71,51.69],[103.74,51.67],[103.82,51.63],[104.16,51.54],[104.39,51.5],[104.66,51.48],[104.83,51.49],[104.9,51.52],[105.06,51.56],[105.44,51.61],[105.8,51.7],[105.97,51.77],[106.07,51.86],[106.13,51.92],[106.19,51.96],[106.26,52.1],[106.28,52.17],[106.26,52.23],[106.27,52.28],[106.31,52.32],[106.39,52.35],[106.5,52.38],[106.6,52.37],[106.69,52.34],[106.75,52.32],[106.81,52.33],[106.84,52.36],[106.9,52.45],[106.94,52.47],[107.1,52.54],[107.39,52.65],[107.58,52.7],[107.67,52.7],[107.76,52.71],[107.95,52.78],[108.01,52.84],[108.23,52.95],[108.29,52.99],[108.33,53.04],[108.33,53.06],[108.3,53.09],[108.3,53.11],[108.39,53.16],[108.66,53.3],[108.68,53.3],[108.7,53.28],[108.73,53.28],[108.77,53.28],[108.93,53.34],[108.98,53.39],[108.99,53.45],[108.97,53.51],[108.92,53.57],[108.84,53.59],[108.73,53.57],[108.65,53.55],[108.54,53.51],[108.53,53.51],[108.62,53.58],[108.84,53.81],[108.89,53.84],[108.94,53.86],[108.99,53.87],[109.03,53.86],[109.06,53.83],[109.06,53.8],[109.03,53.76],[109.01,53.67],[109.03,53.64],[109.18,53.64],[109.2,53.66],[109.2,53.68],[109.2,53.74],[109.2,53.79],[109.21,53.83],[109.24,53.87],[109.43,54.0],[109.5,54.06],[109.54,54.12],[109.56,54.15],[109.55,54.17],[109.5,54.26],[109.49,54.38],[109.52,54.56],[109.54,54.63],[109.61,54.68],[109.63,54.77],[109.65,54.81],[109.68,54.85],[109.7,54.9],[109.72,54.93],[109.76,55.04],[109.77,55.08],[109.74,55.14],[109.75,55.19],[109.78,55.28],[109.79,55.33],[109.82,55.4],[109.86,55.45],[109.86,55.54],[109.86,55.57],[109.96,55.67]],[[36.41,61.41],[36.37,61.43],[36.31,61.46],[36.25,61.49],[36.2,61.53],[36.16,61.57],[36.11,61.61],[36.06,61.65],[36.03,61.7],[35.99,61.76],[35.93,61.81],[35.87,61.85],[35.84,61.9],[35.82,61.95],[35.75,62.0],[35.69,62.04],[35.67,62.08],[35.73,62.14],[35.76,62.21],[35.8,62.28],[35.82,62.35],[35.82,62.41],[35.8,62.46],[35.77,62.5],[35.74,62.52],[35.7,62.54],[35.64,62.56],[35.58,62.58],[35.54,62.6],[35.52,62.62],[35.5,62.62],[35.5,62.62],[35.49,62.61],[35.46,62.6],[35.42,62.63],[35.33,62.67],[35.2,62.71],[35.08,62.74],[35.01,62.77],[34.96,62.8],[34.91,62.82],[34.85,62.83],[34.79,62.83],[34.7,62.84],[34.61,62.87],[34.53,62.92],[34.49,62.9],[34.48,62.87],[34.54,62.82],[34.58,62.76],[34.62,62.71],[34.66,62.68],[34.7,62.64],[34.74,62.62],[34.78,62.62],[34.84,62.59],[34.87,62.61],[34.94,62.64],[34.97,62.64],[35.02,62.61],[35.09,62.58],[35.15,62.56],[35.2,62.55],[35.27,62.55],[35.35,62.52],[35.43,62.47],[35.5,62.4],[35.54,62.35],[35.56,62.32],[35.57,62.29],[35.56,62.26],[35.55,62.24],[35.52,62.21],[35.45,62.18],[35.39,62.16],[35.34,62.15],[35.28,62.16],[35.19,62.19],[35.1,62.22],[35.05,62.23],[35.05,62.21],[35.09,62.17],[35.14,62.13],[35.17,62.1],[35.17,62.08],[35.15,62.07],[35.11,62.05],[35.07,62.05],[35.03,62.08],[34.98,62.12],[34.93,62.16],[34.89,62.19],[34.87,62.22],[34.86,62.26],[34.85,62.29],[34.84,62.31],[34.81,62.33],[34.76,62.38],[34.7,62.44],[34.64,62.49],[34.6,62.52],[34.56,62.54],[34.53,62.55],[34.52,62.54],[34.53,62.52],[34.55,62.5],[34.59,62.46],[34.66,62.41],[34.7,62.36],[34.68,62.34],[34.63,62.35],[34.61,62.34],[34.61,62.3],[34.66,62.25],[34.65,62.21],[34.63,62.18],[34.64,62.14],[34.65,62.11],[34.64,62.1],[34.59,62.1],[34.51,62.12],[34.42,62.16],[34.34,62.2],[34.32,62.23],[34.33,62.25],[34.33,62.26],[34.29,62.3],[34.22,62.35],[34.14,62.41],[34.08,62.46],[34.05,62.49],[34.03,62.51],[34.0,62.52],[33.98,62.52],[33.96,62.51],[33.94,62.5],[33.94,62.48],[33.95,62.45],[33.96,62.43],[33.98,62.41],[34.0,62.4],[34.04,62.4],[34.1,62.38],[34.16,62.34],[34.22,62.29],[34.26,62.26],[34.27,62.24],[34.26,62.21],[34.26,62.19],[34.26,62.17],[34.29,62.14],[34.38,62.09],[34.48,62.04],[34.54,62.0],[34.57,61.97],[34.59,61.94],[34.59,61.91],[34.59,61.87],[34.58,61.85],[34.56,61.82],[34.53,61.81],[34.49,61.81],[34.45,61.82],[34.38,61.84],[34.34,61.86],[34.31,61.87],[34.32,61.85],[34.34,61.83],[34.39,61.8],[34.45,61.75],[34.53,61.7],[34.63,61.65],[34.77,61.6],[34.96,61.54],[35.15,61.49],[35.3,61.43],[35.4,61.39],[35.46,61.36],[35.49,61.33],[35.54,61.29],[35.58,61.25],[35.61,61.2],[35.63,61.15],[35.63,61.11],[35.61,61.08],[35.58,61.03],[35.53,61.02],[35.44,61.06],[35.35,61.07],[35.26,61.07],[35.19,61.07],[35.14,61.08],[35.11,61.09],[35.08,61.11],[35.06,61.13],[35.05,61.14],[35.08,61.15],[35.14,61.16],[35.21,61.16],[35.23,61.17],[35.21,61.18],[35.16,61.19],[35.07,61.21],[34.97,61.21],[34.89,61.21],[34.84,61.19],[34.82,61.17],[34.8,61.15],[34.8,61.12],[34.8,61.1],[34.8,61.07],[34.81,61.06],[34.83,61.04],[34.85,61.03],[34.87,61.03],[34.9,61.05],[34.94,61.07],[35.02,61.06],[35.09,61.04],[35.12,61.02],[35.13,61.01],[35.18,61.0],[35.25,61.01],[35.32,61.03],[35.36,61.04],[35.4,61.04],[35.43,61.03],[35.45,61.02],[35.47,61.0],[35.5,60.97],[35.55,60.94],[35.63,60.92],[35.72,60.9],[35.77,60.89],[35.8,60.87],[35.83,60.87],[35.86,60.87],[35.88,60.88],[35.9,60.89],[35.91,60.9],[35.9,60.92],[35.88,60.93],[35.88,60.95],[35.91,60.97],[35.98,60.99],[36.04,61.03],[36.1,61.06],[36.16,61.08],[36.22,61.1],[36.28,61.11],[36.33,61.14],[36.36,61.16],[36.39,61.18],[36.39,61.21],[36.39,61.23],[36.38,61.24],[36.37,61.26],[36.37,61.27],[36.38,61.28],[36.38,61.29],[36.4,61.3],[36.41,61.32],[36.42,61.35],[36.43,61.37],[36.42,61.39],[36.41,61.41]]],[[[107.44,53.1],[107.31,53.07],[106.96,53.02],[106.96,53.08],[107.0,53.11],[107.09,53.13],[107.35,53.21],[107.58,53.28],[107.74,53.4],[107.8,53.39],[107.77,53.27],[107.64,53.22],[107.44,53.1]]],[[[35.27,61.87],[35.2,61.84],[35.16,61.86],[35.17,61.91],[35.2,61.99],[35.25,62.08],[35.31,62.08],[35.34,62.03],[35.35,62.0],[35.33,61.94],[35.27,61.87]]]]}}]}